crime,neighborhood,count
LARCENY-FROM VEHICLE,Downtown,8371
LARCENY-FROM VEHICLE,Midtown,7152
LARCENY-NON VEHICLE,Downtown,6284
LARCENY-NON VEHICLE,Lenox,3575
LARCENY-NON VEHICLE,Midtown,3202
LARCENY-FROM VEHICLE,Old Fourth Ward,2696
LARCENY-NON VEHICLE,West End,2442
LARCENY-NON VEHICLE,Berkeley Park,2244
LARCENY-NON VEHICLE,Old Fourth Ward,2099
LARCENY-FROM VEHICLE,Home Park,1927
LARCENY-NON VEHICLE,Edgewood,1927
AUTO THEFT,Downtown,1843
LARCENY-NON VEHICLE,North Buckhead,1804
LARCENY-FROM VEHICLE,Grant Park,1739
LARCENY-FROM VEHICLE,Virginia Highland,1684
LARCENY-FROM VEHICLE,North Buckhead,1655
LARCENY-NON VEHICLE,Vine City,1580
LARCENY-NON VEHICLE,Greenbriar,1489
LARCENY-FROM VEHICLE,Inman Park,1392
LARCENY-FROM VEHICLE,Castleberry Hill,1308
AUTO THEFT,Midtown,1307
LARCENY-NON VEHICLE,Atlantic Station,1263
LARCENY-NON VEHICLE,Lindbergh/Morosgo,1238
LARCENY-FROM VEHICLE,West End,1187
ROBBERY-PEDESTRIAN,Downtown,1144
LARCENY-FROM VEHICLE,Greenbriar,1120
BURGLARY-RESIDENCE,Pittsburgh,1095
AUTO THEFT,West End,1089
AGG ASSAULT,Downtown,1081
LARCENY-FROM VEHICLE,Mechanicsville,1073
LARCENY-FROM VEHICLE,Sweet Auburn,1072
BURGLARY-RESIDENCE,Grove Park,1072
LARCENY-FROM VEHICLE,Morningside/Lenox Park,1061
LARCENY-NON VEHICLE,Perkerson,1036
AUTO THEFT,Sylvan Hills,1030
AUTO THEFT,Old Fourth Ward,1017
LARCENY-FROM VEHICLE,Princeton Lakes,995
LARCENY-FROM VEHICLE,Kirkwood,950
LARCENY-FROM VEHICLE,Lenox,928
LARCENY-FROM VEHICLE,Lindbergh/Morosgo,909
LARCENY-FROM VEHICLE,East Atlanta,906
LARCENY-FROM VEHICLE,Marietta Street Artery,888
LARCENY-FROM VEHICLE,Sylvan Hills,880
AUTO THEFT,Mechanicsville,873
BURGLARY-RESIDENCE,Old Fourth Ward,871
BURGLARY-RESIDENCE,West End,857
BURGLARY-RESIDENCE,Oakland City,856
BURGLARY-RESIDENCE,Southwest,838
LARCENY-NON VEHICLE,Grove Park,832
BURGLARY-RESIDENCE,Sylvan Hills,826
LARCENY-FROM VEHICLE,Buckhead Forest,802
LARCENY-FROM VEHICLE,Poncey-Highland,796
LARCENY-NON VEHICLE,Poncey-Highland,793
AUTO THEFT,Greenbriar,776
LARCENY-FROM VEHICLE,Berkeley Park,768
LARCENY-FROM VEHICLE,Candler Park,768
AUTO THEFT,Grant Park,759
BURGLARY-RESIDENCE,East Atlanta,754
LARCENY-FROM VEHICLE,Underwood Hills,747
LARCENY-FROM VEHICLE,Summerhill,740
BURGLARY-RESIDENCE,Vine City,739
BURGLARY-RESIDENCE,Glenrose Heights,728
BURGLARY-RESIDENCE,Campbellton Road,710
LARCENY-FROM VEHICLE,English Avenue,707
BURGLARY-RESIDENCE,Peoplestown,706
LARCENY-NON VEHICLE,Inman Park,704
LARCENY-NON VEHICLE,Sylvan Hills,701
AUTO THEFT,Pittsburgh,699
LARCENY-FROM VEHICLE,Vine City,683
LARCENY-FROM VEHICLE,Grove Park,681
LARCENY-FROM VEHICLE,Edgewood,679
AUTO THEFT,Collier Heights,678
LARCENY-NON VEHICLE,English Avenue,673
LARCENY-FROM VEHICLE,Lindridge/Martin Manor,669
BURGLARY-RESIDENCE,Venetian Hills,665
BURGLARY-RESIDENCE,Collier Heights,663
BURGLARY-RESIDENCE,Lakewood Heights,659
LARCENY-NON VEHICLE,Campbellton Road,658
LARCENY-FROM VEHICLE,Pittsburgh,651
LARCENY-FROM VEHICLE,Blandtown,646
BURGLARY-RESIDENCE,Kirkwood,639
LARCENY-FROM VEHICLE,Piedmont Heights,624
LARCENY-NON VEHICLE,Grant Park,620
BURGLARY-RESIDENCE,Center Hill,620
AUTO THEFT,Grove Park,612
ROBBERY-PEDESTRIAN,Midtown,608
LARCENY-FROM VEHICLE,Atlantic Station,596
BURGLARY-RESIDENCE,Westview,585
LARCENY-NON VEHICLE,Glenrose Heights,581
LARCENY-FROM VEHICLE,Atlanta University Center,574
LARCENY-NON VEHICLE,Pittsburgh,564
AUTO THEFT,Glenrose Heights,562
BURGLARY-RESIDENCE,Mechanicsville,552
AGG ASSAULT,Pittsburgh,548
AUTO THEFT,Southwest,548
BURGLARY-RESIDENCE,Grant Park,544
ROBBERY-PEDESTRIAN,West End,532
LARCENY-NON VEHICLE,East Atlanta,532
BURGLARY-RESIDENCE,English Avenue,530
AUTO THEFT,Harland Terrace,528
AUTO THEFT,Campbellton Road,524
LARCENY-NON VEHICLE,South River Gardens,514
LARCENY-NON VEHICLE,Mechanicsville,506
LARCENY-FROM VEHICLE,Garden Hills,505
AGG ASSAULT,Old Fourth Ward,502
LARCENY-FROM VEHICLE,Adamsville,501
AGG ASSAULT,Grove Park,501
LARCENY-NON VEHICLE,Princeton Lakes,501
ROBBERY-PEDESTRIAN,Old Fourth Ward,499
AUTO THEFT,Perkerson,497
BURGLARY-RESIDENCE,Midtown,496
LARCENY-FROM VEHICLE,Collier Heights,496
LARCENY-NON VEHICLE,Home Park,489
BURGLARY-RESIDENCE,Edgewood,482
AUTO THEFT,Vine City,481
BURGLARY-RESIDENCE,South River Gardens,480
LARCENY-NON VEHICLE,Lakewood Heights,479
LARCENY-NON VEHICLE,Harland Terrace,476
AUTO THEFT,East Atlanta,474
AGG ASSAULT,English Avenue,473
LARCENY-FROM VEHICLE,Buckhead Village,469
LARCENY-NON VEHICLE,Center Hill,468
LARCENY-NON VEHICLE,Kirkwood,467
BURGLARY-RESIDENCE,Greenbriar,462
LARCENY-NON VEHICLE,Virginia Highland,462
BURGLARY-RESIDENCE,Hunter Hills,457
AGG ASSAULT,Mechanicsville,457
LARCENY-FROM VEHICLE,Lakewood Heights,456
LARCENY-NON VEHICLE,Oakland City,456
BURGLARY-RESIDENCE,Ashview Heights,453
BURGLARY-RESIDENCE,Lindbergh/Morosgo,446
AGG ASSAULT,Midtown,442
LARCENY-FROM VEHICLE,Peoplestown,441
AGG ASSAULT,West End,440
AUTO THEFT,English Avenue,432
BURGLARY-RESIDENCE,Hammond Park,432
AUTO THEFT,Center Hill,432
AGG ASSAULT,Sylvan Hills,431
BURGLARY-RESIDENCE,Ormewood Park,431
AUTO THEFT,Sweet Auburn,431
LARCENY-NON VEHICLE,Buckhead Forest,429
LARCENY-NON VEHICLE,Collier Heights,424
AUTO THEFT,Oakland City,422
AUTO THEFT,Castleberry Hill,420
LARCENY-NON VEHICLE,Adamsville,420
BURGLARY-RESIDENCE,Capitol View,419
AGG ASSAULT,Oakland City,418
LARCENY-FROM VEHICLE,Southwest,410
AGG ASSAULT,Bankhead,407
LARCENY-FROM VEHICLE,Ormewood Park,406
AUTO THEFT,Edgewood,404
LARCENY-FROM VEHICLE,Center Hill,401
BURGLARY-RESIDENCE,The Villages at Carver,401
AGG ASSAULT,Campbellton Road,400
LARCENY-NON VEHICLE,Piedmont Heights,397
LARCENY-NON VEHICLE,Lindridge/Martin Manor,394
LARCENY-FROM VEHICLE,East Lake,392
LARCENY-FROM VEHICLE,Oakland City,392
BURGLARY-RESIDENCE,Dixie Hills,392
LARCENY-NON VEHICLE,Hammond Park,391
LARCENY-NON VEHICLE,Bankhead,391
AUTO THEFT,Thomasville Heights,384
BURGLARY-NONRES,Downtown,383
AGG ASSAULT,Thomasville Heights,383
BURGLARY-RESIDENCE,Cascade Avenue/Road,383
AUTO THEFT,Capitol View,381
BURGLARY-NONRES,Midtown,375
LARCENY-NON VEHICLE,Florida Heights,374
LARCENY-NON VEHICLE,Venetian Hills,372
LARCENY-NON VEHICLE,Morningside/Lenox Park,371
LARCENY-NON VEHICLE,Southwest,371
AUTO THEFT,The Villages at Carver,369
LARCENY-FROM VEHICLE,Pine Hills,368
LARCENY-FROM VEHICLE,Ansley Park,367
AUTO THEFT,Lakewood Heights,365
BURGLARY-RESIDENCE,Browns Mill Park,365
LARCENY-NON VEHICLE,Sweet Auburn,364
BURGLARY-RESIDENCE,Bankhead,361
BURGLARY-RESIDENCE,The Villages at Castleberry H,359
LARCENY-FROM VEHICLE,Ardmore,357
BURGLARY-RESIDENCE,Princeton Lakes,355
LARCENY-NON VEHICLE,Westview,352
LARCENY-NON VEHICLE,Peoplestown,352
AUTO THEFT,Kirkwood,352
BURGLARY-RESIDENCE,Harland Terrace,351
AUTO THEFT,Westview,351
AUTO THEFT,Summerhill,349
AUTO THEFT,Virginia Highland,349
LARCENY-NON VEHICLE,Summerhill,346
BURGLARY-RESIDENCE,Downtown,343
LARCENY-NON VEHICLE,Castleberry Hill,341
LARCENY-NON VEHICLE,Peachtree Heights West,341
AUTO THEFT,Home Park,338
BURGLARY-RESIDENCE,Thomasville Heights,338
BURGLARY-RESIDENCE,Carey Park,337
AUTO THEFT,Princeton Lakes,337
LARCENY-FROM VEHICLE,Harland Terrace,336
AUTO THEFT,Lindbergh/Morosgo,336
AUTO THEFT,Peoplestown,335
AUTO THEFT,Fairburn Mays,335
BURGLARY-RESIDENCE,Mozley Park,334
BURGLARY-RESIDENCE,South Atlanta,333
AGG ASSAULT,Lakewood Heights,333
AUTO THEFT,Inman Park,332
LARCENY-FROM VEHICLE,Campbellton Road,331
BURGLARY-RESIDENCE,Fairburn Mays,330
LARCENY-FROM VEHICLE,Ashview Heights,329
AGG ASSAULT,Vine City,327
BURGLARY-RESIDENCE,Florida Heights,326
LARCENY-FROM VEHICLE,Reynoldstown,323
LARCENY-FROM VEHICLE,Westview,321
AUTO THEFT,Adamsville,320
LARCENY-NON VEHICLE,Cascade Avenue/Road,316
LARCENY-FROM VEHICLE,Glenrose Heights,316
LARCENY-NON VEHICLE,Buckhead Village,315
BURGLARY-RESIDENCE,Pine Hills,315
AGG ASSAULT,Glenrose Heights,314
LARCENY-FROM VEHICLE,Peachtree Heights West,312
AGG ASSAULT,Hammond Park,310
LARCENY-NON VEHICLE,East Lake,309
BURGLARY-RESIDENCE,Chosewood Park,309
ROBBERY-PEDESTRIAN,Mechanicsville,306
AUTO THEFT,Hammond Park,304
LARCENY-FROM VEHICLE,Perkerson,303
LARCENY-FROM VEHICLE,Lake Claire,302
ROBBERY-PEDESTRIAN,Grove Park,299
AUTO THEFT,South River Gardens,299
AGG ASSAULT,Center Hill,299
BURGLARY-RESIDENCE,Adair Park,297
BURGLARY-RESIDENCE,East Lake,297
AUTO THEFT,Venetian Hills,295
ROBBERY-PEDESTRIAN,Vine City,294
ROBBERY-PEDESTRIAN,Pittsburgh,291
LARCENY-NON VEHICLE,Adair Park,291
LARCENY-NON VEHICLE,Hunter Hills,283
AGG ASSAULT,Venetian Hills,280
ROBBERY-PEDESTRIAN,English Avenue,276
AUTO THEFT,Ormewood Park,276
LARCENY-FROM VEHICLE,Chastain Park,274
LARCENY-FROM VEHICLE,South Tuxedo Park,274
LARCENY-FROM VEHICLE,Adams Park,274
LARCENY-FROM VEHICLE,Bolton,273
BURGLARY-RESIDENCE,Adamsville,272
LARCENY-NON VEHICLE,Ashview Heights,269
AUTO THEFT,North Buckhead,265
ROBBERY-PEDESTRIAN,Sylvan Hills,264
AUTO THEFT,Adair Park,262
LARCENY-FROM VEHICLE,Adair Park,261
BURGLARY-RESIDENCE,Morningside/Lenox Park,261
AGG ASSAULT,Collier Heights,261
LARCENY-NON VEHICLE,Browns Mill Park,261
AGG ASSAULT,Southwest,255
BURGLARY-RESIDENCE,Washington Park,255
BURGLARY-RESIDENCE,Riverside,254
BURGLARY-RESIDENCE,North Buckhead,253
LARCENY-FROM VEHICLE,Channing Valley,252
BURGLARY-RESIDENCE,Adams Park,252
LARCENY-FROM VEHICLE,Hills Park,252
BURGLARY-RESIDENCE,Custer/McDonough/Guice,250
AUTO THEFT,Mozley Park,250
AUTO THEFT,Morningside/Lenox Park,250
LARCENY-NON VEHICLE,South Atlanta,249
LARCENY-FROM VEHICLE,Venetian Hills,248
AGG ASSAULT,Hunter Hills,248
LARCENY-FROM VEHICLE,Loring Heights,248
AGG ASSAULT,Peoplestown,247
AGG ASSAULT,Carey Park,245
LARCENY-NON VEHICLE,Adams Park,244
AUTO THEFT,Browns Mill Park,244
LARCENY-FROM VEHICLE,The Villages at Castleberry H,244
AUTO THEFT,Reynoldstown,244
BURGLARY-RESIDENCE,Reynoldstown,244
LARCENY-FROM VEHICLE,South Atlanta,243
LARCENY-FROM VEHICLE,Cabbagetown,243
LARCENY-NON VEHICLE,Custer/McDonough/Guice,240
LARCENY-FROM VEHICLE,The Villages at Carver,237
LARCENY-FROM VEHICLE,Peachtree Park,237
LARCENY-NON VEHICLE,South Tuxedo Park,236
AGG ASSAULT,Westview,236
BURGLARY-RESIDENCE,Lindridge/Martin Manor,235
LARCENY-NON VEHICLE,Dixie Hills,235
BURGLARY-RESIDENCE,Scotts Crossing,235
AUTO THEFT,Atlanta University Center,234
BURGLARY-RESIDENCE,Almond Park,233
LARCENY-FROM VEHICLE,Cascade Avenue/Road,232
BURGLARY-RESIDENCE,Ben Hill,232
AGG ASSAULT,South River Gardens,230
AUTO THEFT,The Villages at Castleberry H,229
LARCENY-FROM VEHICLE,Wildwood (NPU-C),228
AGG ASSAULT,Adamsville,227
AUTO THEFT,Florida Heights,226
LARCENY-FROM VEHICLE,Hammond Park,226
ROBBERY-PEDESTRIAN,Oakland City,225
LARCENY-NON VEHICLE,Capitol View,224
LARCENY-NON VEHICLE,Fairburn Mays,223
LARCENY-NON VEHICLE,Candler Park,223
LARCENY-FROM VEHICLE,South River Gardens,222
BURGLARY-RESIDENCE,Virginia Highland,222
BURGLARY-RESIDENCE,Summerhill,221
LARCENY-FROM VEHICLE,Bankhead,219
LARCENY-NON VEHICLE,Underwood Hills,218
LARCENY-NON VEHICLE,Atlanta University Center,218
LARCENY-FROM VEHICLE,Peachtree Hills,217
AUTO THEFT,Piedmont Heights,215
LARCENY-NON VEHICLE,Ormewood Park,215
AUTO THEFT,Candler Park,214
LARCENY-NON VEHICLE,Reynoldstown,213
BURGLARY-RESIDENCE,Polar Rock,213
BURGLARY-RESIDENCE,Inman Park,212
BURGLARY-NONRES,Old Fourth Ward,211
LARCENY-NON VEHICLE,Pine Hills,211
AUTO THEFT,Ashview Heights,210
BURGLARY-RESIDENCE,Loring Heights,210
ROBBERY-PEDESTRIAN,East Atlanta,209
AUTO THEFT,Capitol Gateway,209
BURGLARY-RESIDENCE,Fairburn Heights,208
BURGLARY-NONRES,West End,208
AUTO THEFT,Cascade Avenue/Road,207
AUTO THEFT,The Villages at East Lake,207
ROBBERY-PEDESTRIAN,Campbellton Road,206
BURGLARY-RESIDENCE,Carroll Heights,206
LARCENY-NON VEHICLE,Thomasville Heights,206
LARCENY-FROM VEHICLE,Thomasville Heights,206
AUTO THEFT,Poncey-Highland,201
ROBBERY-PEDESTRIAN,Greenbriar,201
ROBBERY-PEDESTRIAN,Harland Terrace,200
BURGLARY-RESIDENCE,Sweet Auburn,200
ROBBERY-PEDESTRIAN,Castleberry Hill,200
LARCENY-FROM VEHICLE,Browns Mill Park,199
LARCENY-FROM VEHICLE,Dixie Hills,198
AGG ASSAULT,Edgewood,197
AUTO THEFT,Lindridge/Martin Manor,197
ROBBERY-PEDESTRIAN,Thomasville Heights,195
AGG ASSAULT,Perkerson,195
AUTO THEFT,Dixie Hills,194
AGG ASSAULT,Dixie Hills,193
AUTO THEFT,Bankhead,192
LARCENY-FROM VEHICLE,Fairburn Mays,191
AUTO THEFT,Berkeley Park,191
BURGLARY-RESIDENCE,Lakewood,190
LARCENY-FROM VEHICLE,East Chastain Park,190
LARCENY-FROM VEHICLE,Capitol View,189
BURGLARY-RESIDENCE,Kings Forest,186
BURGLARY-RESIDENCE,Joyland,186
ROBBERY-PEDESTRIAN,Sweet Auburn,185
AUTO THEFT,Rosedale Heights,185
AUTO THEFT,Carey Park,184
AUTO THEFT,Harris Chiles,184
LARCENY-NON VEHICLE,Garden Hills,184
BURGLARY-RESIDENCE,The Villages at East Lake,184
LARCENY-NON VEHICLE,Peachtree Park,184
LARCENY-NON VEHICLE,Blandtown,182
LARCENY-FROM VEHICLE,The Villages at East Lake,182
AGG ASSAULT,Cascade Avenue/Road,181
ROBBERY-PEDESTRIAN,Atlanta University Center,181
ROBBERY-PEDESTRIAN,Glenrose Heights,181
AUTO THEFT,Pine Hills,181
LARCENY-FROM VEHICLE,West Paces Ferry/Northside,180
BURGLARY-RESIDENCE,Harris Chiles,180
LARCENY-FROM VEHICLE,Harris Chiles,180
AGG ASSAULT,Kirkwood,179
AGG ASSAULT,Browns Mill Park,179
LARCENY-NON VEHICLE,Chosewood Park,178
ROBBERY-PEDESTRIAN,Lakewood Heights,178
AGG ASSAULT,Harland Terrace,177
LARCENY-NON VEHICLE,Washington Park,177
ROBBERY-PEDESTRIAN,Perkerson,176
BURGLARY-RESIDENCE,Home Park,175
LARCENY-NON VEHICLE,Mozley Park,174
AUTO THEFT,Blandtown,173
LARCENY-NON VEHICLE,Woodland Hills,173
LARCENY-NON VEHICLE,Riverside,173
ROBBERY-PEDESTRIAN,Hammond Park,172
AUTO THEFT,Adams Park,172
AUTO THEFT,Underwood Hills,172
ROBBERY-PEDESTRIAN,Southwest,171
BURGLARY-RESIDENCE,Bolton,171
LARCENY-FROM VEHICLE,Blair Villa/Poole Creek,169
AUTO THEFT,Hunter Hills,168
AUTO THEFT,Atlantic Station,168
LARCENY-FROM VEHICLE,Brookwood,168
AGG ASSAULT,Greenbriar,168
ROBBERY-PEDESTRIAN,Adamsville,166
ROBBERY-PEDESTRIAN,Edgewood,165
ROBBERY-PEDESTRIAN,Inman Park,165
BURGLARY-NONRES,Sylvan Hills,164
BURGLARY-RESIDENCE,Mays,164
LARCENY-NON VEHICLE,Loring Heights,163
LARCENY-NON VEHICLE,Brookwood Hills,161
AGG ASSAULT,Fairburn Mays,161
ROBBERY-PEDESTRIAN,Collier Heights,161
AUTO THEFT,Chosewood Park,161
AGG ASSAULT,Florida Heights,160
BURGLARY-RESIDENCE,Ashley Courts,160
LARCENY-FROM VEHICLE,Hunter Hills,156
LARCENY-FROM VEHICLE,Brandon,156
LARCENY-FROM VEHICLE,Florida Heights,155
BURGLARY-RESIDENCE,West Lake,155
LARCENY-FROM VEHICLE,Riverside,154
AUTO THEFT,Kings Forest,153
BURGLARY-RESIDENCE,Perkerson,153
AUTO THEFT,Marietta Street Artery,153
AGG ASSAULT,Ashview Heights,153
AGG ASSAULT,Capitol View,153
BURGLARY-RESIDENCE,Benteen Park,152
LARCENY-FROM VEHICLE,Carey Park,151
LARCENY-FROM VEHICLE,Knight Park/Howell Station,150
LARCENY-FROM VEHICLE,Washington Park,150
BURGLARY-RESIDENCE,Rosedale Heights,150
BURGLARY-NONRES,Lindridge/Martin Manor,149
BURGLARY-NONRES,Grant Park,149
ROBBERY-PEDESTRIAN,Grant Park,149
AGG ASSAULT,Atlanta University Center,149
AGG ASSAULT,Grant Park,149
AGG ASSAULT,Adair Park,148
LARCENY-FROM VEHICLE,Brookwood Hills,148
AUTO THEFT,Washington Park,146
AUTO THEFT,South Atlanta,146
AUTO THEFT,Loring Heights,145
BURGLARY-NONRES,Grove Park,145
BURGLARY-NONRES,English Avenue,144
LARCENY-FROM VEHICLE,Chosewood Park,144
LARCENY-FROM VEHICLE,Paces,143
LARCENY-NON VEHICLE,Peachtree Hills,143
AGG ASSAULT,Washington Park,143
BURGLARY-NONRES,Piedmont Heights,143
ROBBERY-PEDESTRIAN,Center Hill,143
BURGLARY-RESIDENCE,Atlanta University Center,143
AGG ASSAULT,South Atlanta,142
ROBBERY-PEDESTRIAN,Adair Park,142
AUTO THEFT,Lenox,141
BURGLARY-NONRES,Adamsville,141
LARCENY-FROM VEHICLE,Brookview Heights,140
LARCENY-FROM VEHICLE,Druid Hills,140
BURGLARY-NONRES,Home Park,139
AGG ASSAULT,East Atlanta,138
LARCENY-FROM VEHICLE,Rosedale Heights,137
ROBBERY-PEDESTRIAN,Reynoldstown,137
LARCENY-FROM VEHICLE,Kings Forest,135
LARCENY-NON VEHICLE,The Villages at Carver,134
LARCENY-FROM VEHICLE,Mozley Park,134
ROBBERY-PEDESTRIAN,Bankhead,134
AUTO THEFT,Bolton,133
LARCENY-NON VEHICLE,Marietta Street Artery,133
AUTO THEFT,Almond Park,133
AUTO THEFT,Scotts Crossing,133
BURGLARY-RESIDENCE,Amal Heights,133
AUTO THEFT,Monroe Heights,132
BURGLARY-NONRES,Pittsburgh,131
LARCENY-NON VEHICLE,Brookview Heights,131
LARCENY-FROM VEHICLE,Capitol Gateway,131
BURGLARY-RESIDENCE,Piedmont Heights,131
BURGLARY-RESIDENCE,Orchard Knob,131
LARCENY-NON VEHICLE,Carey Park,130
BURGLARY-RESIDENCE,Cascade Heights,130
BURGLARY-RESIDENCE,Fairburn,130
AGG ASSAULT,Mozley Park,128
BURGLARY-RESIDENCE,Candler Park,128
AUTO THEFT,Custer/McDonough/Guice,128
AUTO THEFT,West Highlands,127
ROBBERY-PEDESTRIAN,Peoplestown,127
BURGLARY-RESIDENCE,Underwood Hills,127
BURGLARY-NONRES,Harland Terrace,126
LARCENY-NON VEHICLE,Bolton,126
ROBBERY-PEDESTRIAN,Lindbergh/Morosgo,126
ROBBERY-PEDESTRIAN,Home Park,126
BURGLARY-RESIDENCE,Westwood Terrace,126
ROBBERY-PEDESTRIAN,Venetian Hills,124
ROBBERY-PEDESTRIAN,Washington Park,124
BURGLARY-RESIDENCE,Castleberry Hill,123
AUTO THEFT,Blair Villa/Poole Creek,122
ROBBERY-PEDESTRIAN,Westview,122
BURGLARY-RESIDENCE,Norwood Manor,122
ROBBERY-PEDESTRIAN,Browns Mill Park,121
LARCENY-FROM VEHICLE,Custer/McDonough/Guice,121
BURGLARY-NONRES,East Atlanta,121
LARCENY-FROM VEHICLE,West Highlands,120
BURGLARY-NONRES,Greenbriar,120
LARCENY-FROM VEHICLE,Cascade Heights,120
AGG ASSAULT,Sweet Auburn,120
BURGLARY-RESIDENCE,Ben Hill Terrace,119
BURGLARY-NONRES,Lakewood Heights,118
AGG ASSAULT,Chosewood Park,117
LARCENY-NON VEHICLE,West Lake,117
AUTO THEFT,East Lake,116
BURGLARY-RESIDENCE,Berkeley Park,115
ROBBERY-COMMERCIAL,Downtown,115
BURGLARY-RESIDENCE,Beecher Hills,115
BURGLARY-RESIDENCE,Bush Mountain,115
LARCENY-NON VEHICLE,Rosedale Heights,115
BURGLARY-NONRES,Campbellton Road,114
BURGLARY-RESIDENCE,Midwest Cascade,114
LARCENY-NON VEHICLE,Wildwood (NPU-C),114
BURGLARY-RESIDENCE,West Highlands,114
BURGLARY-RESIDENCE,Brookwood,113
BURGLARY-NONRES,Hammond Park,113
BURGLARY-RESIDENCE,Monroe Heights,113
BURGLARY-RESIDENCE,Leila Valley,113
BURGLARY-RESIDENCE,Cross Creek,113
BURGLARY-NONRES,Oakland City,113
ROBBERY-PEDESTRIAN,South River Gardens,113
ROBBERY-PEDESTRIAN,Ashview Heights,112
AGG ASSAULT,Lindridge/Martin Manor,111
LARCENY-FROM VEHICLE,Ben Hill,111
LARCENY-NON VEHICLE,Lakewood,111
AUTO THEFT,Ashley Courts,110
AGG ASSAULT,Castleberry Hill,110
LARCENY-FROM VEHICLE,Oakland,110
BURGLARY-NONRES,North Buckhead,109
BURGLARY-NONRES,Glenrose Heights,109
BURGLARY-NONRES,Bankhead,109
ROBBERY-PEDESTRIAN,Virginia Highland,109
BURGLARY-RESIDENCE,Old Gordon,108
AGG ASSAULT,Custer/McDonough/Guice,107
AUTO THEFT,Buckhead Forest,107
BURGLARY-RESIDENCE,Deerwood,107
LARCENY-NON VEHICLE,Scotts Crossing,106
BURGLARY-RESIDENCE,Garden Hills,106
ROBBERY-COMMERCIAL,West End,106
BURGLARY-RESIDENCE,Wilson Mill Meadows,106
BURGLARY-RESIDENCE,Carver Hills,105
BURGLARY-RESIDENCE,Lincoln Homes,104
ROBBERY-PEDESTRIAN,Custer/McDonough/Guice,103
LARCENY-NON VEHICLE,Blair Villa/Poole Creek,102
AGG ASSAULT,Lindbergh/Morosgo,102
AUTO THEFT,Norwood Manor,102
AUTO THEFT,Wildwood (NPU-H),102
LARCENY-NON VEHICLE,Almond Park,102
AGG ASSAULT,Summerhill,101
ROBBERY-PEDESTRIAN,Summerhill,101
AGG ASSAULT,Scotts Crossing,101
AUTO THEFT,Buckhead Village,100
ROBBERY-PEDESTRIAN,Fairburn Mays,100
BURGLARY-NONRES,Southwest,100
BURGLARY-RESIDENCE,Arlington Estates,99
LARCENY-NON VEHICLE,Fairburn Heights,99
LARCENY-FROM VEHICLE,Randall Mill,98
AUTO THEFT,Lake Claire,98
LARCENY-FROM VEHICLE,West Lake,98
LARCENY-FROM VEHICLE,Peachtree Battle Alliance,98
AGG ASSAULT,Almond Park,98
RAPE,Downtown,98
BURGLARY-NONRES,Berkeley Park,97
BURGLARY-RESIDENCE,Blandtown,97
BURGLARY-RESIDENCE,Fort Valley,97
AUTO THEFT,Ben Hill,97
AGG ASSAULT,Adams Park,96
AUTO THEFT,Fairburn Heights,96
BURGLARY-NONRES,Virginia Highland,96
ROBBERY-PEDESTRIAN,Capitol View,96
LARCENY-FROM VEHICLE,Buckhead Heights,95
BURGLARY-NONRES,Sweet Auburn,95
BURGLARY-RESIDENCE,Boulevard Heights,95
AUTO THEFT,Riverside,95
LARCENY-NON VEHICLE,Polar Rock,95
AUTO THEFT,Cabbagetown,94
ROBBERY-PEDESTRIAN,Kirkwood,94
AGG ASSAULT,Piedmont Heights,94
LARCENY-NON VEHICLE,The Villages at East Lake,93
BURGLARY-NONRES,Inman Park,93
AUTO THEFT,West Lake,93
BURGLARY-NONRES,Morningside/Lenox Park,93
AUTO THEFT,Garden Hills,93
LARCENY-FROM VEHICLE,Scotts Crossing,93
BURGLARY-NONRES,South Atlanta,92
LARCENY-NON VEHICLE,Leila Valley,92
BURGLARY-NONRES,Loring Heights,92
BURGLARY-NONRES,Perkerson,91
LARCENY-NON VEHICLE,Hills Park,91
AUTO THEFT,Betmar LaVilla,91
BURGLARY-RESIDENCE,Mt. Paran/Northside,90
LARCENY-NON VEHICLE,Chastain Park,90
LARCENY-NON VEHICLE,Carroll Heights,90
BURGLARY-NONRES,Underwood Hills,89
BURGLARY-RESIDENCE,Atlantic Station,89
ROBBERY-PEDESTRIAN,Hunter Hills,89
LARCENY-FROM VEHICLE,Brookhaven,89
BURGLARY-NONRES,Castleberry Hill,88
LARCENY-NON VEHICLE,Paces,88
ROBBERY-PEDESTRIAN,Florida Heights,88
LARCENY-NON VEHICLE,Kings Forest,88
ROBBERY-PEDESTRIAN,Mozley Park,88
AGG ASSAULT,West Lake,87
AUTO THEFT,Fort Valley,87
BURGLARY-NONRES,Adams Park,86
ROBBERY-PEDESTRIAN,South Atlanta,86
AGG ASSAULT,Old Gordon,86
LARCENY-NON VEHICLE,Mays,86
LARCENY-FROM VEHICLE,Mt. Paran/Northside,85
AGG ASSAULT,Polar Rock,85
BURGLARY-NONRES,Kirkwood,85
LARCENY-FROM VEHICLE,Fairburn Heights,85
LARCENY-FROM VEHICLE,Mays,84
LARCENY-FROM VEHICLE,Betmar LaVilla,84
LARCENY-NON VEHICLE,West Paces Ferry/Northside,83
AUTO THEFT,Ben Hill Terrace,83
LARCENY-NON VEHICLE,Knight Park/Howell Station,83
LARCENY-FROM VEHICLE,Boulevard Heights,83
LARCENY-NON VEHICLE,The Villages at Castleberry H,83
BURGLARY-RESIDENCE,Lake Claire,82
BURGLARY-NONRES,Lindbergh/Morosgo,82
LARCENY-FROM VEHICLE,Whittier Mill Village,82
AUTO THEFT,Polar Rock,82
AUTO THEFT,Leila Valley,81
ROBBERY-PEDESTRIAN,Ormewood Park,81
BURGLARY-NONRES,Center Hill,80
LARCENY-NON VEHICLE,Benteen Park,80
ROBBERY-PEDESTRIAN,Adams Park,80
BURGLARY-NONRES,Blandtown,80
AUTO THEFT,Brookwood,80
ROBBERY-PEDESTRIAN,Dixie Hills,80
ROBBERY-PEDESTRIAN,Lindridge/Martin Manor,80
BURGLARY-NONRES,Mechanicsville,79
AGG ASSAULT,The Villages at Carver,79
ROBBERY-PEDESTRIAN,Piedmont Heights,79
LARCENY-NON VEHICLE,East Chastain Park,79
AUTO THEFT,Lakewood,78
AGG ASSAULT,Lakewood,78
BURGLARY-RESIDENCE,Baker Hills,78
LARCENY-FROM VEHICLE,Rockdale,78
LARCENY-FROM VEHICLE,Collier Hills,78
AUTO THEFT,Capitol View Manor,78
ROBBERY-PEDESTRIAN,Carey Park,78
BURGLARY-RESIDENCE,Peachtree Hills,77
LARCENY-FROM VEHICLE,Atlanta Industrial Park,77
BURGLARY-RESIDENCE,Paces,77
LARCENY-NON VEHICLE,Ben Hill,77
LARCENY-NON VEHICLE,Old Gordon,76
AUTO THEFT,Peachtree Heights West,76
BURGLARY-RESIDENCE,Buckhead Forest,76
ROBBERY-PEDESTRIAN,Cascade Avenue/Road,76
BURGLARY-NONRES,Peoplestown,75
BURGLARY-RESIDENCE,Swallow Circle/Baywood,75
LARCENY-FROM VEHICLE,Tuxedo Park,75
AUTO THEFT,Mays,75
AGG ASSAULT,Carver Hills,74
AUTO THEFT,Ansley Park,74
AGG ASSAULT,Leila Valley,73
LARCENY-NON VEHICLE,Harris Chiles,73
LARCENY-NON VEHICLE,Cascade Heights,73
LARCENY-NON VEHICLE,Carver Hills,73
LARCENY-NON VEHICLE,Capitol Gateway,73
LARCENY-NON VEHICLE,Cabbagetown,73
BURGLARY-RESIDENCE,Heritage Valley,73
AUTO THEFT,Westhaven,72
BURGLARY-RESIDENCE,Blair Villa/Poole Creek,72
ROBBERY-COMMERCIAL,Midtown,72
LARCENY-FROM VEHICLE,Lakewood,72
BURGLARY-RESIDENCE,Audobon Forest,71
BURGLARY-RESIDENCE,Betmar LaVilla,71
BURGLARY-RESIDENCE,Rebel Valley Forest,71
BURGLARY-RESIDENCE,Sandlewood Estates,71
LARCENY-FROM VEHICLE,Monroe Heights,71
AUTO THEFT,Oakland,71
LARCENY-FROM VEHICLE,Westwood Terrace,71
LARCENY-NON VEHICLE,Brookwood,71
LARCENY-FROM VEHICLE,Almond Park,71
BURGLARY-RESIDENCE,Capitol View Manor,70
LARCENY-FROM VEHICLE,Polar Rock,70
BURGLARY-RESIDENCE,Poncey-Highland,70
LARCENY-FROM VEHICLE,Leila Valley,70
AGG ASSAULT,Ormewood Park,70
BURGLARY-NONRES,Edgewood,69
AUTO THEFT,Hills Park,69
ROBBERY-PEDESTRIAN,Lenox,68
LARCENY-FROM VEHICLE,Cross Creek,67
ROBBERY-COMMERCIAL,Old Fourth Ward,67
AGG ASSAULT,Rosedale Heights,67
AGG ASSAULT,Joyland,66
ROBBERY-PEDESTRIAN,Atlantic Station,66
AGG ASSAULT,Morningside/Lenox Park,66
AGG ASSAULT,Home Park,66
ROBBERY-PEDESTRIAN,Candler Park,65
AUTO THEFT,Bankhead/Bolton,65
LARCENY-FROM VEHICLE,Benteen Park,65
BURGLARY-NONRES,South River Gardens,65
BURGLARY-RESIDENCE,Marietta Street Artery,65
LARCENY-NON VEHICLE,West Highlands,65
ROBBERY-PEDESTRIAN,Princeton Lakes,65
AUTO THEFT,Amal Heights,65
LARCENY-NON VEHICLE,Norwood Manor,65
LARCENY-NON VEHICLE,Mt. Paran/Northside,65
BURGLARY-RESIDENCE,West Manor,65
BURGLARY-NONRES,Reynoldstown,64
BURGLARY-RESIDENCE,Peyton Forest,64
AGG ASSAULT,Kings Forest,63
BURGLARY-RESIDENCE,Ansley Park,63
AGG ASSAULT,Inman Park,63
ROBBERY-PEDESTRIAN,Pine Hills,63
AGG ASSAULT,North Buckhead,63
AUTO THEFT,Carroll Heights,63
BURGLARY-RESIDENCE,Buckhead Heights,62
ROBBERY-RESIDENCE,Old Fourth Ward,62
LARCENY-FROM VEHICLE,Peyton Forest,62
AUTO THEFT,Wilson Mill Meadows,62
AGG ASSAULT,Carroll Heights,62
BURGLARY-RESIDENCE,Peachtree Heights West,62
AGG ASSAULT,East Lake,62
LARCENY-FROM VEHICLE,Wilson Mill Meadows,61
LARCENY-NON VEHICLE,Fort Valley,61
LARCENY-FROM VEHICLE,Norwood Manor,61
BURGLARY-NONRES,Custer/McDonough/Guice,60
BURGLARY-NONRES,Blair Villa/Poole Creek,60
LARCENY-NON VEHICLE,Orchard Knob,60
ROBBERY-PEDESTRIAN,The Villages at Carver,60
BURGLARY-NONRES,Lenox,59
AUTO THEFT,Joyland,59
BURGLARY-RESIDENCE,East Chastain Park,59
LARCENY-FROM VEHICLE,Atkins Park,59
AUTO THEFT,Rockdale,59
AUTO THEFT,Knight Park/Howell Station,59
AUTO THEFT,Cross Creek,59
BURGLARY-RESIDENCE,Tuxedo Park,59
ROBBERY-PEDESTRIAN,North Buckhead,59
BURGLARY-NONRES,Capitol View,58
BURGLARY-RESIDENCE,Chastain Park,58
AUTO THEFT,Orchard Knob,58
AUTO THEFT,Peachtree Hills,58
LARCENY-NON VEHICLE,Ansley Park,58
AUTO THEFT,Carver Hills,57
BURGLARY-NONRES,Adair Park,57
ROBBERY-PEDESTRIAN,West Lake,57
AGG ASSAULT,Virginia Highland,57
BURGLARY-RESIDENCE,Penelope Neighbors,57
BURGLARY-RESIDENCE,Westhaven,57
ROBBERY-PEDESTRIAN,Benteen Park,56
AUTO THEFT,Penelope Neighbors,56
BURGLARY-NONRES,Chosewood Park,56
LARCENY-NON VEHICLE,Bankhead/Bolton,56
LARCENY-NON VEHICLE,Joyland,56
LARCENY-FROM VEHICLE,Ben Hill Terrace,56
ROBBERY-PEDESTRIAN,Harris Chiles,56
BURGLARY-RESIDENCE,Ben Hill Pines,56
LARCENY-FROM VEHICLE,Woodland Hills,56
BURGLARY-RESIDENCE,Woodland Hills,56
BURGLARY-RESIDENCE,Capitol Gateway,56
AGG ASSAULT,Princeton Lakes,56
LARCENY-NON VEHICLE,Druid Hills,55
BURGLARY-NONRES,Dixie Hills,55
ROBBERY-PEDESTRIAN,Poncey-Highland,55
AUTO THEFT,Peachtree Park,55
AGG ASSAULT,Reynoldstown,55
ROBBERY-COMMERCIAL,Sylvan Hills,55
LARCENY-FROM VEHICLE,Ridgedale Park,55
ROBBERY-PEDESTRIAN,Chosewood Park,55
LARCENY-FROM VEHICLE,Westhaven,54
LARCENY-NON VEHICLE,Ben Hill Acres,54
AGG ASSAULT,Fairburn Heights,54
LARCENY-NON VEHICLE,Westwood Terrace,53
BURGLARY-RESIDENCE,Cabbagetown,53
BURGLARY-NONRES,Westview,53
BURGLARY-NONRES,Princeton Lakes,53
AUTO THEFT,Benteen Park,52
AUTO THEFT,Cascade Heights,52
AGG ASSAULT,Orchard Knob,52
BURGLARY-RESIDENCE,Brookhaven,52
LARCENY-NON VEHICLE,Capitol View Manor,52
AUTO THEFT,Woodland Hills,52
LARCENY-FROM VEHICLE,Carroll Heights,52
AUTO THEFT,Bush Mountain,52
BURGLARY-NONRES,Buckhead Village,51
LARCENY-NON VEHICLE,Buckhead Heights,51
BURGLARY-NONRES,Marietta Street Artery,51
LARCENY-NON VEHICLE,Lake Claire,51
BURGLARY-NONRES,Venetian Hills,51
LARCENY-NON VEHICLE,Lincoln Homes,51
LARCENY-FROM VEHICLE,Baker Hills,50
LARCENY-FROM VEHICLE,Ashley Courts,50
LARCENY-NON VEHICLE,Westhaven,50
AUTO THEFT,Wildwood (NPU-C),50
BURGLARY-NONRES,Buckhead Forest,50
LARCENY-NON VEHICLE,Brandon,50
ROBBERY-PEDESTRIAN,West Highlands,50
BURGLARY-NONRES,Vine City,49
LARCENY-NON VEHICLE,Arlington Estates,49
ROBBERY-RESIDENCE,Downtown,49
LARCENY-FROM VEHICLE,Penelope Neighbors,49
AGG ASSAULT,Atlantic Station,48
LARCENY-FROM VEHICLE,Wisteria Gardens,48
AGG ASSAULT,Poncey-Highland,48
LARCENY-FROM VEHICLE,Midwest Cascade,48
ROBBERY-PEDESTRIAN,Old Gordon,48
BURGLARY-RESIDENCE,Wildwood (NPU-C),48
LARCENY-NON VEHICLE,Monroe Heights,48
AGG ASSAULT,Fort Valley,48
BURGLARY-NONRES,Florida Heights,47
BURGLARY-NONRES,Hills Park,47
LARCENY-NON VEHICLE,Ben Hill Terrace,47
AUTO THEFT,Westwood Terrace,47
AUTO THEFT,Boulevard Heights,47
BURGLARY-NONRES,Ormewood Park,47
LARCENY-FROM VEHICLE,Lincoln Homes,46
AGG ASSAULT,Swallow Circle/Baywood,46
AGG ASSAULT,South Tuxedo Park,46
AGG ASSAULT,Monroe Heights,46
AGG ASSAULT,Pine Hills,46
ROBBERY-PEDESTRIAN,Berkeley Park,46
LARCENY-NON VEHICLE,Baker Hills,46
AUTO THEFT,Rebel Valley Forest,46
BURGLARY-NONRES,Browns Mill Park,45
BURGLARY-NONRES,East Lake,45
LARCENY-FROM VEHICLE,Springlake,45
BURGLARY-RESIDENCE,Wildwood (NPU-H),45
LARCENY-NON VEHICLE,Ashley Courts,45
ROBBERY-PEDESTRIAN,Scotts Crossing,45
ROBBERY-PEDESTRIAN,Rosedale Heights,45
LARCENY-FROM VEHICLE,Peachtree Heights East,45
LARCENY-NON VEHICLE,Betmar LaVilla,44
AUTO THEFT,Lincoln Homes,44
ROBBERY-PEDESTRIAN,Almond Park,44
ROBBERY-COMMERCIAL,East Atlanta,44
BURGLARY-NONRES,East Chastain Park,44
AGG ASSAULT,Bankhead/Bolton,44
AGG ASSAULT,The Villages at Castleberry H,44
LARCENY-FROM VEHICLE,Orchard Knob,44
AUTO THEFT,South Tuxedo Park,44
ROBBERY-PEDESTRIAN,Underwood Hills,44
AGG ASSAULT,Harris Chiles,44
ROBBERY-COMMERCIAL,Lindbergh/Morosgo,43
AUTO THEFT,Heritage Valley,43
BURGLARY-NONRES,South Tuxedo Park,43
LARCENY-FROM VEHICLE,Arlington Estates,43
LARCENY-FROM VEHICLE,Beecher Hills,43
AUTO THEFT,Old Gordon,43
LARCENY-FROM VEHICLE,Ben Hill Acres,43
BURGLARY-RESIDENCE,Bankhead/Bolton,43
LARCENY-NON VEHICLE,Rockdale,42
AUTO THEFT,Paces,42
BURGLARY-RESIDENCE,Fairway Acres,42
LARCENY-FROM VEHICLE,Capitol View Manor,42
LARCENY-FROM VEHICLE,Carver Hills,42
ROBBERY-COMMERCIAL,Perkerson,42
AGG ASSAULT,Lincoln Homes,42
LARCENY-FROM VEHICLE,West Manor,42
ROBBERY-PEDESTRIAN,The Villages at Castleberry H,42
LARCENY-FROM VEHICLE,Woodfield,42
BURGLARY-RESIDENCE,Springlake,41
ROBBERY-COMMERCIAL,Harland Terrace,41
BURGLARY-RESIDENCE,Ridgewood Heights,41
LARCENY-NON VEHICLE,Wyngate,41
LARCENY-NON VEHICLE,Midwest Cascade,41
BURGLARY-RESIDENCE,Margaret Mitchell,41
LARCENY-FROM VEHICLE,Deerwood,41
LARCENY-FROM VEHICLE,Castlewood,41
BURGLARY-RESIDENCE,Laurens Valley,41
LARCENY-NON VEHICLE,Ardmore,40
LARCENY-NON VEHICLE,Elmco Estates,40
ROBBERY-RESIDENCE,English Avenue,40
AGG ASSAULT,Capitol Gateway,40
LARCENY-FROM VEHICLE,Joyland,40
AGG ASSAULT,Ben Hill,40
ROBBERY-PEDESTRIAN,Blandtown,40
AGG ASSAULT,The Villages at East Lake,40
BURGLARY-RESIDENCE,Knight Park/Howell Station,40
LARCENY-NON VEHICLE,Beecher Hills,40
BURGLARY-RESIDENCE,Elmco Estates,40
BURGLARY-RESIDENCE,High Point,40
ROBBERY-RESIDENCE,Midtown,40
LARCENY-FROM VEHICLE,Audobon Forest,40
LARCENY-NON VEHICLE,Boulevard Heights,39
BURGLARY-RESIDENCE,Collier Hills,39
ROBBERY-PEDESTRIAN,Buckhead Village,39
ROBBERY-PEDESTRIAN,The Villages at East Lake,39
AGG ASSAULT,Buckhead Village,39
ROBBERY-PEDESTRIAN,Bolton,39
LARCENY-FROM VEHICLE,Colonial Homes,39
BURGLARY-RESIDENCE,Briar Glen,39
BURGLARY-NONRES,Collier Heights,39
LARCENY-NON VEHICLE,Heritage Valley,39
AUTO THEFT,Brookview Heights,39
ROBBERY-PEDESTRIAN,Marietta Street Artery,39
ROBBERY-RESIDENCE,Campbellton Road,39
LARCENY-NON VEHICLE,Amal Heights,39
AGG ASSAULT,Bolton,39
AUTO THEFT,Baker Hills,38
ROBBERY-RESIDENCE,Grove Park,38
BURGLARY-RESIDENCE,Brandon,38
BURGLARY-RESIDENCE,Wisteria Gardens,38
ROBBERY-RESIDENCE,Glenrose Heights,38
LARCENY-NON VEHICLE,Swallow Circle/Baywood,38
LARCENY-FROM VEHICLE,High Point,38
LARCENY-FROM VEHICLE,Bankhead/Bolton,38
ROBBERY-PEDESTRIAN,Morningside/Lenox Park,38
LARCENY-NON VEHICLE,Cross Creek,38
BURGLARY-RESIDENCE,Cascade Green,38
ROBBERY-RESIDENCE,Pittsburgh,38
BURGLARY-RESIDENCE,Channing Valley,38
BURGLARY-NONRES,Garden Hills,38
ROBBERY-RESIDENCE,Mechanicsville,37
LARCENY-NON VEHICLE,Wilson Mill Meadows,37
AGG ASSAULT,Blair Villa/Poole Creek,37
ROBBERY-PEDESTRIAN,Loring Heights,37
LARCENY-NON VEHICLE,Tuxedo Park,37
BURGLARY-RESIDENCE,Rockdale,36
AGG ASSAULT,Buckhead Forest,36
ROBBERY-PEDESTRIAN,Fairburn Heights,36
LARCENY-FROM VEHICLE,Margaret Mitchell,36
ROBBERY-RESIDENCE,Sylvan Hills,36
BURGLARY-NONRES,Knight Park/Howell Station,36
ROBBERY-COMMERCIAL,Greenbriar,36
BURGLARY-NONRES,Pine Hills,36
LARCENY-FROM VEHICLE,Fort Valley,36
ROBBERY-PEDESTRIAN,Lakewood,36
AGG ASSAULT,Amal Heights,36
LARCENY-FROM VEHICLE,Amal Heights,35
LARCENY-NON VEHICLE,Brookhaven,35
LARCENY-FROM VEHICLE,Wildwood (NPU-H),35
ROBBERY-PEDESTRIAN,Joyland,35
BURGLARY-NONRES,Poncey-Highland,35
BURGLARY-NONRES,Cascade Avenue/Road,35
AGG ASSAULT,Rebel Valley Forest,35
LARCENY-FROM VEHICLE,Memorial Park,35
AUTO THEFT,Druid Hills,35
AUTO THEFT,Whittier Mill Village,35
LARCENY-NON VEHICLE,Fairburn,34
BURGLARY-NONRES,Hunter Hills,34
AUTO THEFT,Colonial Homes,34
BURGLARY-RESIDENCE,Peachtree Battle Alliance,34
BURGLARY-RESIDENCE,Pomona Park,34
AUTO THEFT,Swallow Circle/Baywood,34
BURGLARY-RESIDENCE,Ridgecrest Forest,34
ROBBERY-COMMERCIAL,Adamsville,34
AGG ASSAULT,Bush Mountain,34
LARCENY-FROM VEHICLE,Heritage Valley,34
ROBBERY-PEDESTRIAN,Orchard Knob,34
ROBBERY-PEDESTRIAN,Buckhead Forest,34
AUTO THEFT,Arlington Estates,34
LARCENY-NON VEHICLE,Wisteria Gardens,34
ROBBERY-COMMERCIAL,Edgewood,33
AUTO THEFT,Midwest Cascade,33
AUTO THEFT,Wisteria Gardens,33
LARCENY-NON VEHICLE,Peyton Forest,33
AUTO THEFT,Meadowbrook Forest,33
BURGLARY-NONRES,Bolton,33
BURGLARY-RESIDENCE,Hills Park,33
LARCENY-NON VEHICLE,Bush Mountain,33
BURGLARY-NONRES,Summerhill,33
AGG ASSAULT,Loring Heights,33
AUTO THEFT,Ben Hill Acres,33
AGG ASSAULT,Candler Park,32
BURGLARY-NONRES,Riverside,32
LARCENY-NON VEHICLE,Randall Mill,32
BURGLARY-NONRES,West Lake,32
LARCENY-NON VEHICLE,Rebel Valley Forest,32
AUTO THEFT,Deerwood,32
ROBBERY-PEDESTRIAN,Cabbagetown,32
HOMICIDE,Downtown,32
ROBBERY-RESIDENCE,Collier Heights,32
BURGLARY-RESIDENCE,Peachtree Park,32
BURGLARY-RESIDENCE,Druid Hills,32
AGG ASSAULT,Riverside,32
BURGLARY-RESIDENCE,Ridgedale Park,31
AGG ASSAULT,Wildwood (NPU-H),31
ROBBERY-RESIDENCE,West End,31
BURGLARY-RESIDENCE,West Paces Ferry/Northside,31
BURGLARY-RESIDENCE,Whittier Mill Village,31
BURGLARY-RESIDENCE,Magnum Manor,31
LARCENY-NON VEHICLE,Wildwood (NPU-H),31
BURGLARY-RESIDENCE,Rue Royal,31
BURGLARY-NONRES,Candler Park,31
LARCENY-NON VEHICLE,Ridgedale Park,31
BURGLARY-NONRES,Norwood Manor,31
ROBBERY-COMMERCIAL,Grove Park,30
ROBBERY-COMMERCIAL,Custer/McDonough/Guice,30
HOMICIDE,English Avenue,30
LARCENY-FROM VEHICLE,Magnum Manor,30
RAPE,Old Fourth Ward,30
BURGLARY-RESIDENCE,Bolton Hills,30
ROBBERY-PEDESTRIAN,Brookview Heights,30
BURGLARY-RESIDENCE,Colonial Homes,30
BURGLARY-NONRES,Wildwood (NPU-C),30
AUTO THEFT,East Chastain Park,30
LARCENY-FROM VEHICLE,Fairburn,30
ROBBERY-RESIDENCE,Oakland City,30
AGG ASSAULT,Berkeley Park,30
AGG ASSAULT,Brookview Heights,30
AGG ASSAULT,Wilson Mill Meadows,30
BURGLARY-NONRES,Mozley Park,29
BURGLARY-NONRES,Peachtree Hills,29
BURGLARY-NONRES,Atlantic Station,29
AUTO THEFT,Buckhead Heights,29
AGG ASSAULT,Westwood Terrace,29
ROBBERY-RESIDENCE,Venetian Hills,29
LARCENY-FROM VEHICLE,Wyngate,29
ROBBERY-RESIDENCE,East Atlanta,29
ROBBERY-COMMERCIAL,Lindridge/Martin Manor,29
AUTO THEFT,Fairburn,29
AGG ASSAULT,Baker Hills,29
AGG ASSAULT,Ashley Courts,29
AUTO THEFT,Elmco Estates,28
BURGLARY-RESIDENCE,English Park,28
AGG ASSAULT,Mays,28
AGG ASSAULT,Lenox,28
ROBBERY-RESIDENCE,Hammond Park,28
LARCENY-NON VEHICLE,Peachtree Heights East,28
AGG ASSAULT,Benteen Park,28
ROBBERY-RESIDENCE,Peoplestown,28
AUTO THEFT,High Point,28
LARCENY-NON VEHICLE,High Point,28
LARCENY-NON VEHICLE,Peachtree Battle Alliance,28
LARCENY-FROM VEHICLE,Ridgewood Heights,28
RAPE,Midtown,28
BURGLARY-RESIDENCE,Buckhead Village,27
LARCENY-FROM VEHICLE,Rebel Valley Forest,27
ROBBERY-COMMERCIAL,Berkeley Park,27
ROBBERY-COMMERCIAL,East Lake,27
LARCENY-FROM VEHICLE,Green Forest Acres,27
ROBBERY-COMMERCIAL,Campbellton Road,27
ROBBERY-RESIDENCE,Lakewood Heights,27
LARCENY-FROM VEHICLE,Sandlewood Estates,27
BURGLARY-NONRES,Ashview Heights,26
AUTO THEFT,Beecher Hills,26
LARCENY-NON VEHICLE,Channing Valley,26
LARCENY-NON VEHICLE,Margaret Mitchell,26
BURGLARY-NONRES,Brookview Heights,26
ROBBERY-PEDESTRIAN,South Tuxedo Park,26
ROBBERY-RESIDENCE,Vine City,26
BURGLARY-NONRES,Peachtree Park,26
LARCENY-FROM VEHICLE,Elmco Estates,26
ROBBERY-COMMERCIAL,Cascade Avenue/Road,26
BURGLARY-NONRES,Lakewood,26
ROBBERY-RESIDENCE,Southwest,26
LARCENY-NON VEHICLE,Whittier Mill Village,26
AUTO THEFT,Ardmore,26
RAPE,English Avenue,26
BURGLARY-RESIDENCE,Wesley Battle,26
BURGLARY-NONRES,Carey Park,26
ROBBERY-COMMERCIAL,North Buckhead,26
LARCENY-FROM VEHICLE,Old Gordon,26
ROBBERY-COMMERCIAL,Lakewood Heights,26
AUTO THEFT,Chastain Park,26
BURGLARY-RESIDENCE,Oakcliff,26
LARCENY-NON VEHICLE,Green Forest Acres,26
ROBBERY-PEDESTRIAN,Ben Hill,26
LARCENY-NON VEHICLE,West Manor,26
AGG ASSAULT,Peachtree Heights West,25
ROBBERY-COMMERCIAL,Glenrose Heights,25
ROBBERY-COMMERCIAL,Florida Heights,25
ROBBERY-RESIDENCE,Fairburn Mays,25
BURGLARY-RESIDENCE,Boulder Park,25
LARCENY-NON VEHICLE,Bolton Hills,25
BURGLARY-RESIDENCE,South Tuxedo Park,25
AGG ASSAULT,Cascade Heights,25
ROBBERY-COMMERCIAL,Lenox,25
BURGLARY-RESIDENCE,Green Forest Acres,25
BURGLARY-NONRES,Atlanta University Center,25
AUTO THEFT,Brookwood Hills,25
ROBBERY-PEDESTRIAN,Leila Valley,25
ROBBERY-PEDESTRIAN,Rockdale,24
LARCENY-FROM VEHICLE,Chalet Woods,24
HOMICIDE,Old Fourth Ward,24
BURGLARY-RESIDENCE,Pleasant Hill,24
LARCENY-FROM VEHICLE,Bush Mountain,24
BURGLARY-NONRES,Fairburn Mays,24
ROBBERY-PEDESTRIAN,East Lake,24
LARCENY-FROM VEHICLE,English Park,24
AUTO THEFT,Ridgedale Park,24
AUTO THEFT,Mt. Paran/Northside,24
AGG ASSAULT,Westhaven,24
LARCENY-NON VEHICLE,Atlanta Industrial Park,24
ROBBERY-PEDESTRIAN,Fort Valley,24
HOMICIDE,Grove Park,24
ROBBERY-PEDESTRIAN,Polar Rock,24
LARCENY-FROM VEHICLE,Kingswood,24
BURGLARY-NONRES,The Villages at Carver,24
HOMICIDE,Campbellton Road,23
BURGLARY-NONRES,Benteen Park,23
AGG ASSAULT,Fairburn,23
AGG ASSAULT,Underwood Hills,23
LARCENY-FROM VEHICLE,Cascade Green,23
AGG ASSAULT,Norwood Manor,23
ROBBERY-PEDESTRIAN,Garden Hills,23
ROBBERY-COMMERCIAL,Grant Park,23
LARCENY-FROM VEHICLE,Briar Glen,23
ROBBERY-PEDESTRIAN,Capitol Gateway,23
ROBBERY-RESIDENCE,Thomasville Heights,22
ROBBERY-PEDESTRIAN,Norwood Manor,22
ROBBERY-RESIDENCE,Bankhead,22
BURGLARY-RESIDENCE,Niskey Lake,22
AGG ASSAULT,Blandtown,22
RAPE,Mechanicsville,22
BURGLARY-RESIDENCE,Audobon Forest West,22
ROBBERY-RESIDENCE,Greenbriar,22
AUTO THEFT,Channing Valley,22
ROBBERY-COMMERCIAL,English Avenue,22
LARCENY-NON VEHICLE,Penelope Neighbors,22
BURGLARY-NONRES,Scotts Crossing,22
LARCENY-NON VEHICLE,Deerwood,22
BURGLARY-RESIDENCE,Butner/Tell,22
ROBBERY-COMMERCIAL,Pittsburgh,22
BURGLARY-RESIDENCE,Greenbriar Village,21
LARCENY-NON VEHICLE,English Park,21
BURGLARY-RESIDENCE,Westminster/Milmar,21
HOMICIDE,West End,21
ROBBERY-PEDESTRIAN,Riverside,21
LARCENY-NON VEHICLE,Oakland,21
ROBBERY-RESIDENCE,Grant Park,21
BURGLARY-RESIDENCE,Kingswood,21
BURGLARY-RESIDENCE,Niskey Cove,21
ROBBERY-PEDESTRIAN,Wilson Mill Meadows,21
ROBBERY-COMMERCIAL,Piedmont Heights,21
AUTO THEFT,English Park,21
LARCENY-FROM VEHICLE,Fairburn Tell,21
ROBBERY-PEDESTRIAN,Betmar LaVilla,21
BURGLARY-NONRES,Brookwood Hills,21
AUTO THEFT,West Manor,21
BURGLARY-NONRES,Thomasville Heights,21
HOMICIDE,Bankhead,21
ROBBERY-COMMERCIAL,Woodland Hills,21
RAPE,Pittsburgh,21
ROBBERY-COMMERCIAL,Kirkwood,21
ROBBERY-COMMERCIAL,Hammond Park,21
AGG ASSAULT,Penelope Neighbors,21
AUTO THEFT,Peyton Forest,21
LARCENY-NON VEHICLE,Fairway Acres,21
AGG ASSAULT,West Highlands,21
BURGLARY-NONRES,Washington Park,21
LARCENY-FROM VEHICLE,Swallow Circle/Baywood,21
BURGLARY-NONRES,Brookwood,20
AUTO THEFT,Atlanta Industrial Park,20
AGG ASSAULT,Capitol View Manor,20
ROBBERY-PEDESTRIAN,Wildwood (NPU-H),20
AGG ASSAULT,Garden Hills,20
LARCENY-NON VEHICLE,Springlake,20
ROBBERY-PEDESTRIAN,Bankhead/Bolton,20
AUTO THEFT,Pomona Park,20
ROBBERY-PEDESTRIAN,Peachtree Heights West,20
BURGLARY-NONRES,Cabbagetown,20
RAPE,Grove Park,20
ROBBERY-PEDESTRIAN,Westhaven,20
AGG ASSAULT,English Park,20
LARCENY-FROM VEHICLE,Sherwood Forest,20
BURGLARY-NONRES,West Paces Ferry/Northside,20
AGG ASSAULT,Marietta Street Artery,20
ROBBERY-RESIDENCE,Browns Mill Park,20
ROBBERY-COMMERCIAL,Inman Park,19
LARCENY-FROM VEHICLE,Westover Plantation,19
LARCENY-FROM VEHICLE,Westminster/Milmar,19
LARCENY-FROM VEHICLE,Pomona Park,19
HOMICIDE,Pittsburgh,19
ROBBERY-COMMERCIAL,Adams Park,19
AGG ASSAULT,Peachtree Park,19
BURGLARY-RESIDENCE,Sherwood Forest,19
LARCENY-NON VEHICLE,Audobon Forest,19
RAPE,West End,19
RAPE,Harland Terrace,19
ROBBERY-RESIDENCE,Westview,19
AUTO THEFT,Just Us,19
ROBBERY-PEDESTRIAN,Penelope Neighbors,19
BURGLARY-RESIDENCE,Oakland,19
ROBBERY-PEDESTRIAN,Ansley Park,19
BURGLARY-RESIDENCE,Brookwood Hills,19
BURGLARY-RESIDENCE,Bakers Ferry,19
LARCENY-FROM VEHICLE,Georgia Tech,19
ROBBERY-PEDESTRIAN,Monroe Heights,19
BURGLARY-RESIDENCE,Huntington,19
HOMICIDE,Lakewood Heights,19
BURGLARY-NONRES,Orchard Knob,19
LARCENY-FROM VEHICLE,Arden/Habersham,19
LARCENY-NON VEHICLE,Butner/Tell,19
ROBBERY-PEDESTRIAN,Kings Forest,19
BURGLARY-NONRES,Peachtree Heights West,19
BURGLARY-RESIDENCE,Ben Hill Forest,19
BURGLARY-RESIDENCE,Wildwood Forest,19
BURGLARY-NONRES,Polar Rock,19
BURGLARY-RESIDENCE,Ben Hill Acres,19
AGG ASSAULT,Arlington Estates,19
AGG ASSAULT,Ben Hill Terrace,19
RAPE,Vine City,18
AGG ASSAULT,Betmar LaVilla,18
AUTO THEFT,Brookhaven,18
BURGLARY-NONRES,Fairburn Heights,18
BURGLARY-RESIDENCE,Brentwood,18
ROBBERY-PEDESTRIAN,Peachtree Hills,18
LARCENY-NON VEHICLE,Atkins Park,18
ROBBERY-PEDESTRIAN,Wisteria Gardens,18
ROBBERY-PEDESTRIAN,Carver Hills,18
LARCENY-NON VEHICLE,Bakers Ferry,18
ROBBERY-RESIDENCE,Lindbergh/Morosgo,18
ROBBERY-PEDESTRIAN,Carroll Heights,18
AGG ASSAULT,Knight Park/Howell Station,18
AUTO THEFT,Fairway Acres,18
RAPE,Lindbergh/Morosgo,18
AUTO THEFT,Sandlewood Estates,18
LARCENY-FROM VEHICLE,Meadowbrook Forest,18
BURGLARY-NONRES,Kings Forest,18
ROBBERY-PEDESTRIAN,Swallow Circle/Baywood,18
BURGLARY-NONRES,Woodland Hills,17
LARCENY-FROM VEHICLE,Laurens Valley,17
AGG ASSAULT,Wisteria Gardens,17
ROBBERY-RESIDENCE,Pine Hills,17
ROBBERY-RESIDENCE,Perkerson,17
LARCENY-NON VEHICLE,Ridgecrest Forest,17
ROBBERY-RESIDENCE,Ashview Heights,17
LARCENY-NON VEHICLE,Colonial Homes,17
ROBBERY-RESIDENCE,Adamsville,17
ROBBERY-COMMERCIAL,Poncey-Highland,17
ROBBERY-PEDESTRIAN,Mays,17
AUTO THEFT,Randall Mill,17
ROBBERY-COMMERCIAL,Vine City,17
ROBBERY-PEDESTRIAN,Blair Villa/Poole Creek,17
ROBBERY-RESIDENCE,Carey Park,17
HOMICIDE,Glenrose Heights,16
ROBBERY-COMMERCIAL,Westview,16
ROBBERY-RESIDENCE,The Villages at Carver,16
RAPE,Sylvan Hills,16
BURGLARY-RESIDENCE,Fairburn Road/Wisteria Lane,16
AGG ASSAULT,Fairway Acres,16
AGG ASSAULT,Ben Hill Pines,16
BURGLARY-RESIDENCE,Hanover West,16
LARCENY-NON VEHICLE,Meadowbrook Forest,16
LARCENY-FROM VEHICLE,Audobon Forest West,16
LARCENY-NON VEHICLE,Ben Hill Pines,16
RAPE,Pine Hills,16
BURGLARY-NONRES,Leila Valley,16
RAPE,Lakewood Heights,16
AGG ASSAULT,Elmco Estates,16
ROBBERY-RESIDENCE,Old Gordon,16
AUTO THEFT,Ridgecrest Forest,16
BURGLARY-NONRES,Almond Park,16
LARCENY-FROM VEHICLE,Ivan Hill,16
BURGLARY-RESIDENCE,Randall Mill,16
ROBBERY-COMMERCIAL,Ormewood Park,16
BURGLARY-RESIDENCE,Castlewood,16
BURGLARY-NONRES,Chastain Park,16
BURGLARY-RESIDENCE,Mt. Gilead Woods,15
BURGLARY-RESIDENCE,Ivan Hill,15
ROBBERY-RESIDENCE,Almond Park,15
BURGLARY-RESIDENCE,Brookview Heights,15
BURGLARY-RESIDENCE,Chalet Woods,15
LARCENY-FROM VEHICLE,Argonne Forest,15
LARCENY-FROM VEHICLE,Fairway Acres,15
LARCENY-FROM VEHICLE,Ben Hill Pines,15
ROBBERY-PEDESTRIAN,Woodland Hills,15
ROBBERY-COMMERCIAL,Wildwood (NPU-C),15
AGG ASSAULT,Heritage Valley,15
AUTO THEFT,West Paces Ferry/Northside,15
ROBBERY-PEDESTRIAN,Ashley Courts,15
RAPE,North Buckhead,15
AUTO THEFT,Briar Glen,15
BURGLARY-NONRES,Carroll Heights,15
HOMICIDE,Mechanicsville,15
RAPE,Campbellton Road,15
LARCENY-FROM VEHICLE,Ridgecrest Forest,15
BURGLARY-NONRES,Druid Hills,15
ROBBERY-RESIDENCE,Washington Park,15
ROBBERY-RESIDENCE,Hunter Hills,15
AUTO THEFT,Oakcliff,14
LARCENY-FROM VEHICLE,Whitewater Creek,14
ROBBERY-RESIDENCE,The Villages at Castleberry H,14
LARCENY-FROM VEHICLE,Hanover West,14
LARCENY-FROM VEHICLE,Wesley Battle,14
ROBBERY-COMMERCIAL,Atlantic Station,14
BURGLARY-RESIDENCE,Atkins Park,14
AGG ASSAULT,Cross Creek,14
ROBBERY-RESIDENCE,Bolton,14
BURGLARY-RESIDENCE,Ardmore,14
AUTO THEFT,Butner/Tell,14
ROBBERY-RESIDENCE,Chosewood Park,14
ROBBERY-PEDESTRIAN,Lincoln Homes,14
LARCENY-NON VEHICLE,Ridgewood Heights,14
ROBBERY-RESIDENCE,Dixie Hills,14
AUTO THEFT,Ben Hill Pines,14
AUTO THEFT,Audobon Forest West,14
ROBBERY-PEDESTRIAN,Wildwood (NPU-C),14
BURGLARY-NONRES,Joyland,14
LARCENY-FROM VEHICLE,Greenbriar Village,14
ROBBERY-COMMERCIAL,Browns Mill Park,14
AUTO THEFT,Fairburn Road/Wisteria Lane,14
ROBBERY-RESIDENCE,Lindridge/Martin Manor,14
BURGLARY-RESIDENCE,Collier Hills North,14
ROBBERY-PEDESTRIAN,Cascade Heights,14
ROBBERY-COMMERCIAL,Capitol View,14
ROBBERY-COMMERCIAL,Mechanicsville,14
AUTO THEFT,Harvel Homes Community,14
ROBBERY-RESIDENCE,Scotts Crossing,14
ROBBERY-COMMERCIAL,Adair Park,14
BURGLARY-NONRES,Capitol View Manor,14
ROBBERY-RESIDENCE,South River Gardens,14
AUTO THEFT,Peachtree Heights East,14
BURGLARY-RESIDENCE,Argonne Forest,14
LARCENY-NON VEHICLE,Fairburn Tell,13
LARCENY-NON VEHICLE,Just Us,13
LARCENY-NON VEHICLE,Greenbriar Village,13
LARCENY-NON VEHICLE,Pomona Park,13
ROBBERY-COMMERCIAL,Collier Heights,13
AGG ASSAULT,Cabbagetown,13
RAPE,Hammond Park,13
RAPE,Westview,13
ROBBERY-PEDESTRIAN,Capitol View Manor,13
LARCENY-NON VEHICLE,Audobon Forest West,13
ROBBERY-PEDESTRIAN,Peachtree Park,13
ROBBERY-COMMERCIAL,South River Gardens,13
ROBBERY-RESIDENCE,Harland Terrace,13
LARCENY-FROM VEHICLE,Harvel Homes Community,13
ROBBERY-COMMERCIAL,Riverside,13
AUTO THEFT,Audobon Forest,13
ROBBERY-RESIDENCE,Kirkwood,13
ROBBERY-RESIDENCE,Atlanta University Center,13
ROBBERY-COMMERCIAL,Princeton Lakes,13
ROBBERY-COMMERCIAL,Peoplestown,13
ROBBERY-RESIDENCE,Ormewood Park,13
ROBBERY-PEDESTRIAN,Amal Heights,13
ROBBERY-PEDESTRIAN,Arlington Estates,13
AGG ASSAULT,Brookwood,13
LARCENY-FROM VEHICLE,Brentwood,13
AGG ASSAULT,Ridgecrest Forest,13
ROBBERY-PEDESTRIAN,Buckhead Heights,13
ROBBERY-COMMERCIAL,Venetian Hills,13
BURGLARY-RESIDENCE,Fairburn Tell,13
ROBBERY-PEDESTRIAN,Brookwood,13
ROBBERY-RESIDENCE,Fort Valley,13
BURGLARY-RESIDENCE,Meadowbrook Forest,13
HOMICIDE,Sylvan Hills,13
ROBBERY-RESIDENCE,Sweet Auburn,13
ROBBERY-PEDESTRIAN,English Park,13
ROBBERY-COMMERCIAL,Bankhead,12
ROBBERY-RESIDENCE,Ben Hill,12
RAPE,Southwest,12
RAPE,Collier Heights,12
LARCENY-NON VEHICLE,Collier Hills,12
AUTO THEFT,Brandon,12
ROBBERY-RESIDENCE,Ashley Courts,12
BURGLARY-NONRES,Westhaven,12
RAPE,Center Hill,12
ROBBERY-RESIDENCE,Adams Park,12
HOMICIDE,Venetian Hills,12
HOMICIDE,Thomasville Heights,12
ROBBERY-PEDESTRIAN,Ben Hill Acres,12
HOMICIDE,Southwest,12
BURGLARY-RESIDENCE,Just Us,12
ROBBERY-PEDESTRIAN,Boulevard Heights,12
ROBBERY-PEDESTRIAN,Cross Creek,12
LARCENY-NON VEHICLE,Magnum Manor,12
ROBBERY-RESIDENCE,Center Hill,12
LARCENY-FROM VEHICLE,Collier Hills North,12
RAPE,Sweet Auburn,12
BURGLARY-NONRES,Atlanta Industrial Park,12
ROBBERY-PEDESTRIAN,Oakland,12
BURGLARY-NONRES,Boulevard Heights,12
ROBBERY-COMMERCIAL,Garden Hills,12
AGG ASSAULT,Rockdale,12
ROBBERY-COMMERCIAL,Center Hill,12
ROBBERY-COMMERCIAL,Home Park,12
ROBBERY-RESIDENCE,South Atlanta,12
ROBBERY-RESIDENCE,Rosedale Heights,12
LARCENY-NON VEHICLE,Boulder Park,12
BURGLARY-NONRES,Randall Mill,12
ROBBERY-COMMERCIAL,Marietta Street Artery,12
ROBBERY-COMMERCIAL,Morningside/Lenox Park,12
ROBBERY-RESIDENCE,Edgewood,12
LARCENY-FROM VEHICLE,East Ardley Road,12
BURGLARY-RESIDENCE,Peachtree Heights East,12
AUTO THEFT,Peachtree Battle Alliance,12
ROBBERY-RESIDENCE,Morningside/Lenox Park,12
HOMICIDE,Oakland City,12
RAPE,Bankhead,12
BURGLARY-RESIDENCE,Whitewater Creek,12
ROBBERY-RESIDENCE,Loring Heights,12
ROBBERY-PEDESTRIAN,Rebel Valley Forest,11
LARCENY-NON VEHICLE,Kingswood,11
BURGLARY-RESIDENCE,Mellwood,11
AUTO THEFT,Mt. Gilead Woods,11
AGG ASSAULT,Beecher Hills,11
HOMICIDE,Carey Park,11
BURGLARY-RESIDENCE,Lake Estates,11
BURGLARY-NONRES,The Villages at Castleberry H,11
BURGLARY-RESIDENCE,Fernleaf,11
AUTO THEFT,Ridgewood Heights,11
BURGLARY-NONRES,Ben Hill,11
BURGLARY-NONRES,Ben Hill Acres,11
BURGLARY-NONRES,Betmar LaVilla,11
ROBBERY-RESIDENCE,Princeton Lakes,11
ROBBERY-RESIDENCE,Piedmont Heights,11
BURGLARY-NONRES,Harris Chiles,11
RAPE,Atlanta University Center,11
BURGLARY-NONRES,Paces,11
ROBBERY-RESIDENCE,Custer/McDonough/Guice,11
ROBBERY-RESIDENCE,Castleberry Hill,11
BURGLARY-NONRES,Rosedale Heights,11
AGG ASSAULT,Deerwood,11
ROBBERY-RESIDENCE,Blandtown,11
ROBBERY-RESIDENCE,Adair Park,11
ROBBERY-PEDESTRIAN,Westwood Terrace,11
RAPE,South River Gardens,11
BURGLARY-NONRES,Ashley Courts,11
LARCENY-FROM VEHICLE,Pleasant Hill,11
ROBBERY-COMMERCIAL,Castleberry Hill,11
LARCENY-NON VEHICLE,Chalet Woods,11
RAPE,Thomasville Heights,11
ROBBERY-PEDESTRIAN,Elmco Estates,11
ROBBERY-COMMERCIAL,West Paces Ferry/Northside,11
AUTO THEFT,Atkins Park,11
AGG ASSAULT,Ben Hill Acres,11
ROBBERY-COMMERCIAL,Blandtown,11
HOMICIDE,Peoplestown,11
LARCENY-NON VEHICLE,Fairburn Road/Wisteria Lane,11
AUTO THEFT,Collier Hills,10
AUTO THEFT,Bolton Hills,10
AUTO THEFT,Cascade Green,10
BURGLARY-NONRES,Wisteria Gardens,10
AUTO THEFT,Wildwood Forest,10
HOMICIDE,Vine City,10
AUTO THEFT,Wesley Battle,10
LARCENY-NON VEHICLE,Oakcliff,10
ROBBERY-COMMERCIAL,Ben Hill Acres,10
HOMICIDE,Center Hill,10
LARCENY-NON VEHICLE,Cascade Green,10
RAPE,Grant Park,10
ROBBERY-RESIDENCE,Cascade Avenue/Road,10
AUTO THEFT,Bankhead Courts,10
LARCENY-NON VEHICLE,Sandlewood Estates,10
ROBBERY-RESIDENCE,Florida Heights,10
LARCENY-FROM VEHICLE,Green Acres Valley,10
ROBBERY-COMMERCIAL,Buckhead Village,10
LARCENY-FROM VEHICLE,Just Us,10
BURGLARY-NONRES,Buckhead Heights,10
AGG ASSAULT,Peyton Forest,10
LARCENY-NON VEHICLE,Wesley Battle,10
ROBBERY-COMMERCIAL,East Chastain Park,10
LARCENY-NON VEHICLE,Arden/Habersham,10
ROBBERY-RESIDENCE,Westhaven,10
LARCENY-NON VEHICLE,Westminster/Milmar,10
ROBBERY-PEDESTRIAN,Ben Hill Terrace,10
HOMICIDE,Adair Park,10
HOMICIDE,Kirkwood,10
LARCENY-NON VEHICLE,Ivan Hill,10
BURGLARY-RESIDENCE,Horseshoe Community,10
HOMICIDE,Midtown,10
BURGLARY-RESIDENCE,Green Acres Valley,10
ROBBERY-PEDESTRIAN,Lake Claire,10
AGG ASSAULT,Boulevard Heights,10
HOMICIDE,Collier Heights,10
BURGLARY-NONRES,Old Gordon,9
HOMICIDE,South River Gardens,9
ROBBERY-COMMERCIAL,Reynoldstown,9
ROBBERY-COMMERCIAL,Underwood Hills,9
AGG ASSAULT,Midwest Cascade,9
LARCENY-NON VEHICLE,Laurens Valley,9
BURGLARY-RESIDENCE,Tampa Park,9
LARCENY-NON VEHICLE,Sherwood Forest,9
AUTO THEFT,East Ardley Road,9
AUTO THEFT,Rue Royal,9
LARCENY-FROM VEHICLE,Oakcliff,9
BURGLARY-RESIDENCE,Wyngate,9
AGG ASSAULT,West Manor,9
AUTO THEFT,Green Forest Acres,9
ROBBERY-RESIDENCE,Reynoldstown,9
HOMICIDE,East Atlanta,9
LARCENY-NON VEHICLE,Bankhead Courts,9
AGG ASSAULT,Pomona Park,9
ROBBERY-RESIDENCE,West Highlands,9
HOMICIDE,Capitol View,9
AGG ASSAULT,Paces,9
ROBBERY-PEDESTRIAN,Fairburn,9
LARCENY-FROM VEHICLE,Fairburn Road/Wisteria Lane,9
RAPE,Edgewood,9
BURGLARY-NONRES,The Villages at East Lake,9
LARCENY-NON VEHICLE,Georgia Tech,9
LARCENY-NON VEHICLE,Memorial Park,9
ROBBERY-PEDESTRIAN,Baker Hills,9
BURGLARY-RESIDENCE,Arden/Habersham,9
RAPE,Dixie Hills,9
AUTO THEFT,Tampa Park,9
ROBBERY-PEDESTRIAN,Deerwood,9
AUTO THEFT,Magnum Manor,9
AUTO THEFT,Boulder Park,9
AUTO THEFT,Springlake,9
ROBBERY-RESIDENCE,Capitol View,9
RAPE,Kirkwood,9
BURGLARY-RESIDENCE,Regency Trace,9
RAPE,Glenrose Heights,9
LARCENY-FROM VEHICLE,Bakers Ferry,9
RAPE,Summerhill,8
ROBBERY-PEDESTRIAN,Whittier Mill Village,8
ROBBERY-RESIDENCE,The Villages at East Lake,8
ROBBERY-PEDESTRIAN,Knight Park/Howell Station,8
ROBBERY-COMMERCIAL,Hunter Hills,8
ROBBERY-RESIDENCE,Summerhill,8
ROBBERY-PEDESTRIAN,West Paces Ferry/Northside,8
RAPE,Perkerson,8
ROBBERY-RESIDENCE,Carroll Heights,8
ROBBERY-RESIDENCE,Atlantic Station,8
ROBBERY-PEDESTRIAN,Pomona Park,8
RAPE,Browns Mill Park,8
RAPE,Carey Park,8
ROBBERY-COMMERCIAL,Bolton,8
ROBBERY-PEDESTRIAN,Sandlewood Estates,8
ROBBERY-COMMERCIAL,Summerhill,8
ROBBERY-COMMERCIAL,Virginia Highland,8
RAPE,Adair Park,8
ROBBERY-COMMERCIAL,Peachtree Heights West,8
ROBBERY-COMMERCIAL,South Atlanta,8
ROBBERY-RESIDENCE,Harris Chiles,8
ROBBERY-RESIDENCE,Home Park,8
ROBBERY-COMMERCIAL,Buckhead Forest,8
ROBBERY-PEDESTRIAN,Georgia Tech,8
RAPE,Oakland City,8
AGG ASSAULT,Bolton Hills,8
AGG ASSAULT,Meadowbrook Forest,8
LARCENY-NON VEHICLE,Green Acres Valley,8
LARCENY-FROM VEHICLE,Wildwood Forest,8
BURGLARY-NONRES,Mays,8
AUTO THEFT,Bakers Ferry,8
HOMICIDE,Dixie Hills,8
LARCENY-FROM VEHICLE,Tampa Park,8
HOMICIDE,Castleberry Hill,8
BURGLARY-NONRES,Peyton Forest,8
AGG ASSAULT,Sandlewood Estates,8
HOMICIDE,Atlanta University Center,8
AGG ASSAULT,Greenbriar Village,8
AUTO THEFT,Tuxedo Park,8
HOMICIDE,Almond Park,8
BURGLARY-RESIDENCE,Woodfield,8
AUTO THEFT,Niskey Lake,8
BURGLARY-RESIDENCE,Westover Plantation,8
AUTO THEFT,Laurens Valley,8
HOMICIDE,Greenbriar,8
AUTO THEFT,Greenbriar Village,8
LARCENY-NON VEHICLE,Argonne Forest,8
LARCENY-FROM VEHICLE,Butner/Tell,8
BURGLARY-NONRES,Elmco Estates,8
LARCENY-NON VEHICLE,Niskey Lake,8
BURGLARY-NONRES,Cascade Heights,8
ROBBERY-PEDESTRIAN,Fort McPherson,7
ROBBERY-PEDESTRIAN,Brookwood Hills,7
ROBBERY-PEDESTRIAN,Beecher Hills,7
RAPE,Carroll Heights,7
RAPE,Home Park,7
HOMICIDE,Sweet Auburn,7
AGG ASSAULT,Buckhead Heights,7
RAPE,Castleberry Hill,7
HOMICIDE,Perkerson,7
LARCENY-NON VEHICLE,Mt. Gilead Woods,7
HOMICIDE,Ashview Heights,7
AGG ASSAULT,Bakers Ferry,7
ROBBERY-PEDESTRIAN,Paces,7
LARCENY-NON VEHICLE,Niskey Cove,7
ROBBERY-PEDESTRIAN,Channing Valley,7
ROBBERY-COMMERCIAL,Randall Mill,7
AGG ASSAULT,Fairburn Road/Wisteria Lane,7
HOMICIDE,Mozley Park,7
RAPE,Lindridge/Martin Manor,7
LARCENY-FROM VEHICLE,Bolton Hills,7
AGG ASSAULT,Wildwood (NPU-C),7
HOMICIDE,Hammond Park,7
AUTO THEFT,Brentwood,7
AUTO THEFT,Chalet Woods,7
RAPE,Capitol View,7
RAPE,Adams Park,7
ROBBERY-RESIDENCE,Kings Forest,7
ROBBERY-RESIDENCE,Mays,7
BURGLARY-NONRES,Fort Valley,7
ROBBERY-RESIDENCE,Mozley Park,7
BURGLARY-NONRES,Fairburn Tell,7
AGG ASSAULT,Oakcliff,7
BURGLARY-NONRES,Channing Valley,7
BURGLARY-NONRES,Midwest Cascade,7
BURGLARY-NONRES,Capitol Gateway,7
RAPE,Peoplestown,7
BURGLARY-NONRES,Ben Hill Terrace,7
LARCENY-NON VEHICLE,Wildwood Forest,7
BURGLARY-NONRES,Bankhead/Bolton,7
ROBBERY-COMMERCIAL,Brookwood Hills,7
RAPE,Atlantic Station,7
AGG ASSAULT,Peachtree Hills,7
LARCENY-NON VEHICLE,Rue Royal,7
RAPE,Mozley Park,7
AGG ASSAULT,Ansley Park,7
LARCENY-FROM VEHICLE,Rue Royal,7
ROBBERY-RESIDENCE,Benteen Park,7
AGG ASSAULT,Tuxedo Park,7
BURGLARY-NONRES,Wilson Mill Meadows,7
BURGLARY-NONRES,Monroe Heights,7
LARCENY-FROM VEHICLE,Niskey Cove,7
ROBBERY-COMMERCIAL,Candler Park,6
LARCENY-NON VEHICLE,Castlewood,6
LARCENY-FROM VEHICLE,Lake Estates,6
AGG ASSAULT,West Paces Ferry/Northside,6
AGG ASSAULT,Woodland Hills,6
ROBBERY-COMMERCIAL,Loring Heights,6
AUTO THEFT,Castlewood,6
AGG ASSAULT,Rue Royal,6
ROBBERY-COMMERCIAL,Washington Park,6
AUTO THEFT,Argonne Forest,6
LARCENY-FROM VEHICLE,Fernleaf,6
AUTO THEFT,Collier Hills North,6
ROBBERY-COMMERCIAL,Peachtree Park,6
LARCENY-NON VEHICLE,Westover Plantation,6
HOMICIDE,Westview,6
ROBBERY-RESIDENCE,Inman Park,6
BURGLARY-NONRES,Wyngate,6
BURGLARY-NONRES,Whittier Mill Village,6
BURGLARY-NONRES,Rockdale,6
BURGLARY-NONRES,Rebel Valley Forest,6
BURGLARY-NONRES,Penelope Neighbors,6
ROBBERY-RESIDENCE,East Lake,6
ROBBERY-RESIDENCE,Marietta Street Artery,6
BURGLARY-RESIDENCE,East Ardley Road,6
ROBBERY-RESIDENCE,Midwest Cascade,6
ROBBERY-RESIDENCE,Orchard Knob,6
BURGLARY-NONRES,Bush Mountain,6
ROBBERY-RESIDENCE,Swallow Circle/Baywood,6
ROBBERY-RESIDENCE,West Lake,6
ROBBERY-RESIDENCE,Wilson Mill Meadows,6
AUTO THEFT,Whitewater Creek,6
BURGLARY-RESIDENCE,Harvel Homes Community,6
ROBBERY-PEDESTRIAN,Ben Hill Pines,6
ROBBERY-PEDESTRIAN,Just Us,6
ROBBERY-PEDESTRIAN,Bush Mountain,6
LARCENY-NON VEHICLE,Whitewater Creek,6
AGG ASSAULT,Brentwood,6
HOMICIDE,Hunter Hills,6
ROBBERY-PEDESTRIAN,High Point,6
ROBBERY-PEDESTRIAN,Hills Park,6
HOMICIDE,Custer/McDonough/Guice,6
AGG ASSAULT,Ardmore,6
RAPE,South Atlanta,6
HOMICIDE,Cascade Avenue/Road,6
HOMICIDE,Adamsville,6
AUTO THEFT,Green Acres Valley,6
AGG ASSAULT,Atlanta Industrial Park,6
AUTO THEFT,Margaret Mitchell,6
HOMICIDE,Chosewood Park,6
AGG ASSAULT,Briar Glen,6
AGG ASSAULT,East Chastain Park,6
AGG ASSAULT,Fort McPherson,6
RAPE,Penelope Neighbors,6
RAPE,Greenbriar,6
RAPE,Capitol Gateway,6
LARCENY-NON VEHICLE,Lake Estates,6
AGG ASSAULT,Green Forest Acres,6
RAPE,Inman Park,6
LARCENY-NON VEHICLE,Huntington,6
RAPE,Adamsville,6
RAPE,Ashview Heights,6
AGG ASSAULT,Georgia Tech,6
RAPE,Almond Park,5
HOMICIDE,Old Gordon,5
BURGLARY-NONRES,Fairburn,5
HOMICIDE,Morningside/Lenox Park,5
RAPE,Florida Heights,5
ROBBERY-RESIDENCE,Monroe Heights,5
ROBBERY-RESIDENCE,Underwood Hills,5
BURGLARY-NONRES,Beecher Hills,5
AGG ASSAULT,Peachtree Heights East,5
HOMICIDE,Harland Terrace,5
ROBBERY-RESIDENCE,Leila Valley,5
HOMICIDE,Fairburn Mays,5
LARCENY-FROM VEHICLE,Horseshoe Community,5
BURGLARY-NONRES,Ansley Park,5
ROBBERY-RESIDENCE,Lakewood,5
ROBBERY-RESIDENCE,Lake Claire,5
LARCENY-NON VEHICLE,Brentwood,5
RAPE,East Atlanta,5
ROBBERY-COMMERCIAL,South Tuxedo Park,5
ROBBERY-COMMERCIAL,Southwest,5
ROBBERY-COMMERCIAL,West Lake,5
ROBBERY-RESIDENCE,Polar Rock,5
ROBBERY-RESIDENCE,Riverside,5
ROBBERY-COMMERCIAL,Orchard Knob,5
ROBBERY-COMMERCIAL,Oakland City,5
RAPE,Leila Valley,5
BURGLARY-NONRES,Colonial Homes,5
ROBBERY-PEDESTRIAN,Ardmore,5
BURGLARY-NONRES,Cross Creek,5
LARCENY-FROM VEHICLE,Mt. Gilead Woods,5
BURGLARY-NONRES,Arlington Estates,5
ROBBERY-PEDESTRIAN,Atkins Park,5
ROBBERY-RESIDENCE,Peachtree Heights West,5
LARCENY-NON VEHICLE,Mellwood,5
LARCENY-FROM VEHICLE,Niskey Lake,5
HOMICIDE,Washington Park,5
AGG ASSAULT,Channing Valley,5
RAPE,Custer/McDonough/Guice,5
RAPE,Hunter Hills,5
ROBBERY-COMMERCIAL,Thomasville Heights,5
HOMICIDE,South Atlanta,5
LARCENY-FROM VEHICLE,Regency Trace,5
ROBBERY-RESIDENCE,Capitol View Manor,5
AGG ASSAULT,Lake Claire,5
ROBBERY-COMMERCIAL,Ashview Heights,5
AUTO THEFT,Ivan Hill,5
ROBBERY-PEDESTRIAN,Springlake,5
HOMICIDE,Carroll Heights,5
BURGLARY-RESIDENCE,Mt. Paran Parkway,5
AUTO THEFT,Mellwood,5
RAPE,Venetian Hills,5
RAPE,Buckhead Forest,5
ROBBERY-PEDESTRIAN,West Manor,5
AUTO THEFT,Westover Plantation,5
RAPE,Blandtown,5
BURGLARY-NONRES,Mt. Paran/Northside,5
BURGLARY-NONRES,Oakland,5
RAPE,Berkeley Park,5
RAPE,Rosedale Heights,5
AGG ASSAULT,Butner/Tell,5
ROBBERY-RESIDENCE,Cabbagetown,5
ROBBERY-RESIDENCE,Capitol Gateway,5
ROBBERY-PEDESTRIAN,Ridgedale Park,5
AUTO THEFT,Arden/Habersham,5
ROBBERY-COMMERCIAL,Benteen Park,5
LARCENY-NON VEHICLE,East Ardley Road,5
AUTO THEFT,Fairburn Tell,5
ROBBERY-RESIDENCE,Hills Park,5
BURGLARY-NONRES,Ivan Hill,5
ROBBERY-PEDESTRIAN,Midwest Cascade,5
ROBBERY-RESIDENCE,Joyland,5
ROBBERY-COMMERCIAL,Atlanta University Center,5
ROBBERY-PEDESTRIAN,Heritage Valley,4
AGG ASSAULT,Collier Hills,4
HOMICIDE,Fairburn Heights,4
BURGLARY-RESIDENCE,Atlanta Industrial Park,4
AUTO THEFT,Westminster/Milmar,4
AGG ASSAULT,Colonial Homes,4
RAPE,East Lake,4
AGG ASSAULT,Ben Hill Forest,4
RAPE,Joyland,4
RAPE,Fairburn Mays,4
LARCENY-FROM VEHICLE,Bankhead Courts,4
LARCENY-FROM VEHICLE,Ben Hill Forest,4
AUTO THEFT,Old Fairburn Village,4
RAPE,Lakewood,4
HOMICIDE,Ben Hill Pines,4
LARCENY-FROM VEHICLE,Boulder Park,4
ROBBERY-RESIDENCE,Blair Villa/Poole Creek,4
ROBBERY-RESIDENCE,Brookhaven,4
ROBBERY-PEDESTRIAN,Magnum Manor,4
ROBBERY-RESIDENCE,Carver Hills,4
ROBBERY-RESIDENCE,Cross Creek,4
AGG ASSAULT,Brookwood Hills,4
AUTO THEFT,Wyngate,4
BURGLARY-NONRES,Ardmore,4
ROBBERY-PEDESTRIAN,Chastain Park,4
AUTO THEFT,Georgia Tech,4
ROBBERY-RESIDENCE,North Buckhead,4
ROBBERY-RESIDENCE,Norwood Manor,4
AUTO THEFT,Hanover West,4
HOMICIDE,Norwood Manor,4
AUTO THEFT,Huntington,4
BURGLARY-NONRES,English Park,4
AUTO THEFT,Fort McPherson,4
AUTO THEFT,Kingswood,4
ROBBERY-PEDESTRIAN,Briar Glen,4
RAPE,Buckhead Village,4
HOMICIDE,Reynoldstown,4
ROBBERY-RESIDENCE,Lincoln Homes,4
AUTO THEFT,Lake Estates,4
HOMICIDE,Summerhill,4
HOMICIDE,Fort Valley,4
ROBBERY-RESIDENCE,Penelope Neighbors,4
HOMICIDE,Virginia Highland,4
BURGLARY-RESIDENCE,Memorial Park,4
AGG ASSAULT,Audobon Forest,4
AGG ASSAULT,Argonne Forest,4
HOMICIDE,Carver Hills,4
AGG ASSAULT,High Point,4
ROBBERY-COMMERCIAL,Ridgedale Park,4
LARCENY-FROM VEHICLE,Mellwood,4
BURGLARY-NONRES,Carver Hills,4
LARCENY-NON VEHICLE,Woodfield,4
ROBBERY-COMMERCIAL,Kings Forest,4
BURGLARY-NONRES,Brookhaven,4
RAPE,Orchard Knob,4
AGG ASSAULT,Ridgewood Heights,4
ROBBERY-COMMERCIAL,English Park,4
ROBBERY-COMMERCIAL,Elmco Estates,4
LARCENY-NON VEHICLE,Ben Hill Forest,4
ROBBERY-RESIDENCE,Virginia Highland,4
RAPE,Peachtree Park,4
LARCENY-NON VEHICLE,Briar Glen,4
AGG ASSAULT,Cascade Green,4
AGG ASSAULT,Mellwood,4
ROBBERY-RESIDENCE,Westwood Terrace,4
LARCENY-NON VEHICLE,Collier Hills North,4
ROBBERY-COMMERCIAL,Ardmore,4
LARCENY-NON VEHICLE,Fernleaf,4
RAPE,Wilson Mill Meadows,4
RAPE,West Lake,4
RAPE,Washington Park,4
RAPE,Virginia Highland,4
RAPE,Piedmont Heights,4
AGG ASSAULT,Hills Park,4
AGG ASSAULT,Huntington,4
RAPE,Reynoldstown,4
LARCENY-NON VEHICLE,Harvel Homes Community,4
AGG ASSAULT,Whittier Mill Village,4
BURGLARY-NONRES,Chattahoochee,4
AGG ASSAULT,Wildwood Forest,4
HOMICIDE,Fairburn,3
HOMICIDE,Edgewood,3
RAPE,East Chastain Park,3
ROBBERY-COMMERCIAL,Carey Park,3
RAPE,Polar Rock,3
AGG ASSAULT,Druid Hills,3
AGG ASSAULT,Green Acres Valley,3
RAPE,Lenox,3
ROBBERY-COMMERCIAL,Brookview Heights,3
ROBBERY-RESIDENCE,Ben Hill Pines,3
ROBBERY-PEDESTRIAN,Meadowbrook Forest,3
HOMICIDE,Browns Mill Park,3
HOMICIDE,Brookview Heights,3
AGG ASSAULT,Oakland,3
LARCENY-NON VEHICLE,Tampa Park,3
BURGLARY-NONRES,Wesley Battle,3
RAPE,Monroe Heights,3
RAPE,Scotts Crossing,3
HOMICIDE,Grant Park,3
RAPE,Fairburn Heights,3
AGG ASSAULT,Peachtree Battle Alliance,3
ROBBERY-PEDESTRIAN,Fairway Acres,3
ROBBERY-PEDESTRIAN,Fairburn Road/Wisteria Lane,3
HOMICIDE,Joyland,3
HOMICIDE,Kings Forest,3
RAPE,Ashley Courts,3
ROBBERY-PEDESTRIAN,Druid Hills,3
BURGLARY-NONRES,Tuxedo Park,3
HOMICIDE,Lincoln Homes,3
LARCENY-FROM VEHICLE,Chattahoochee,3
AGG ASSAULT,Chastain Park,3
ROBBERY-PEDESTRIAN,Mt. Paran/Northside,3
ROBBERY-RESIDENCE,Garden Hills,3
RAPE,Blair Villa/Poole Creek,3
ROBBERY-RESIDENCE,East Chastain Park,3
BURGLARY-RESIDENCE,Bankhead Courts,3
AGG ASSAULT,Wyngate,3
AUTO THEFT,Sherwood Forest,3
RAPE,The Villages at Carver,3
RAPE,Underwood Hills,3
BURGLARY-RESIDENCE,Lenox,3
RAPE,Mays,3
BURGLARY-NONRES,Westwood Terrace,3
LARCENY-NON VEHICLE,Fort McPherson,3
RAPE,Princeton Lakes,3
ROBBERY-RESIDENCE,Audobon Forest,3
RAPE,Loring Heights,3
HOMICIDE,Lindridge/Martin Manor,3
AGG ASSAULT,Lake Estates,3
ROBBERY-PEDESTRIAN,Rue Royal,3
ROBBERY-COMMERCIAL,Almond Park,3
BURGLARY-NONRES,Lincoln Homes,3
RAPE,Cascade Avenue/Road,3
HOMICIDE,Adams Park,3
BURGLARY-NONRES,West Highlands,3
RAPE,Chosewood Park,3
ROBBERY-PEDESTRIAN,Peachtree Heights East,3
ROBBERY-PEDESTRIAN,Peachtree Battle Alliance,3
BURGLARY-NONRES,High Point,3
HOMICIDE,Ben Hill,3
ROBBERY-COMMERCIAL,Blair Villa/Poole Creek,3
ROBBERY-RESIDENCE,High Point,3
BURGLARY-NONRES,Bakers Ferry,3
ROBBERY-PEDESTRIAN,Brandon,3
RAPE,Fort Valley,3
ROBBERY-RESIDENCE,South Tuxedo Park,3
RAPE,Garden Hills,3
HOMICIDE,The Villages at Carver,3
RAPE,Ormewood Park,3
HOMICIDE,Orchard Knob,3
HOMICIDE,Scotts Crossing,3
ROBBERY-RESIDENCE,Buckhead Heights,3
LARCENY-NON VEHICLE,Mt. Paran Parkway,3
RAPE,Harris Chiles,3
ROBBERY-PEDESTRIAN,Brookhaven,3
ROBBERY-RESIDENCE,Buckhead Forest,3
ROBBERY-RESIDENCE,Cascade Heights,3
ROBBERY-PEDESTRIAN,Brentwood,3
AUTO THEFT,Woodfield,3
HOMICIDE,Polar Rock,3
HOMICIDE,West Lake,3
RAPE,Morningside/Lenox Park,3
ROBBERY-PEDESTRIAN,Boulder Park,3
ROBBERY-PEDESTRIAN,Collier Hills,3
ROBBERY-COMMERCIAL,Fairburn Mays,3
ROBBERY-PEDESTRIAN,Atlanta Industrial Park,3
ROBBERY-PEDESTRIAN,Peyton Forest,2
LARCENY-FROM VEHICLE,Huntington,2
RAPE,Rebel Valley Forest,2
AUTO THEFT,Regency Trace,2
ROBBERY-RESIDENCE,Randall Mill,2
AUTO THEFT,Fernleaf,2
AUTO THEFT,Ben Hill Forest,2
BURGLARY-NONRES,Lake Claire,2
AUTO THEFT,Chattahoochee,2
BURGLARY-NONRES,Peachtree Battle Alliance,2
BURGLARY-NONRES,Kingswood,2
BURGLARY-NONRES,Sherwood Forest,2
ROBBERY-RESIDENCE,Ridgewood Heights,2
LARCENY-FROM VEHICLE,Mt. Paran Parkway,2
ROBBERY-PEDESTRIAN,Ridgewood Heights,2
AGG ASSAULT,Audobon Forest West,2
ROBBERY-RESIDENCE,Poncey-Highland,2
LARCENY-NON VEHICLE,Hanover West,2
BURGLARY-NONRES,Just Us,2
LARCENY-NON VEHICLE,Horseshoe Community,2
ROBBERY-RESIDENCE,Wildwood (NPU-H),2
ROBBERY-RESIDENCE,Bankhead/Bolton,2
HOMICIDE,Poncey-Highland,2
ROBBERY-PEDESTRIAN,Argonne Forest,2
RAPE,Bankhead/Bolton,2
LARCENY-NON VEHICLE,Pleasant Hill,2
ROBBERY-PEDESTRIAN,Ridgecrest Forest,2
RAPE,The Villages at East Lake,2
BURGLARY-NONRES,Margaret Mitchell,2
ROBBERY-PEDESTRIAN,Bankhead Courts,2
ROBBERY-RESIDENCE,Rue Royal,2
AGG ASSAULT,Just Us,2
LARCENY-NON VEHICLE,Regency Trace,2
BURGLARY-RESIDENCE,Georgia Tech,2
ROBBERY-PEDESTRIAN,Audobon Forest,2
RAPE,South Tuxedo Park,2
AUTO THEFT,Memorial Park,2
ROBBERY-PEDESTRIAN,Audobon Forest West,2
BURGLARY-NONRES,Pomona Park,2
ROBBERY-RESIDENCE,Candler Park,2
AGG ASSAULT,Chalet Woods,2
AGG ASSAULT,Atkins Park,2
ROBBERY-RESIDENCE,Whitewater Creek,2
RAPE,Marietta Street Artery,2
RAPE,Wildwood (NPU-H),2
BURGLARY-NONRES,Wildwood (NPU-H),2
AUTO THEFT,Pleasant Hill,2
ROBBERY-RESIDENCE,Deerwood,2
HOMICIDE,Baker Hills,2
ROBBERY-COMMERCIAL,Sweet Auburn,2
AGG ASSAULT,Westover Plantation,2
ROBBERY-PEDESTRIAN,Sherwood Forest,2
AUTO THEFT,Horseshoe Community,2
RAPE,Hills Park,2
ROBBERY-RESIDENCE,Fairburn Heights,2
AGG ASSAULT,Laurens Valley,2
AGG ASSAULT,Collier Hills North,2
ROBBERY-PEDESTRIAN,Colonial Homes,2
HOMICIDE,Bankhead/Bolton,2
BURGLARY-NONRES,Green Acres Valley,2
ROBBERY-PEDESTRIAN,Harvel Homes Community,2
ROBBERY-COMMERCIAL,Channing Valley,2
HOMICIDE,Mellwood,2
HOMICIDE,Florida Heights,2
RAPE,Peachtree Hills,2
HOMICIDE,Mays,2
ROBBERY-PEDESTRIAN,Green Forest Acres,2
RAPE,Ben Hill,2
HOMICIDE,Marietta Street Artery,2
LARCENY-NON VEHICLE,Old Fairburn Village,2
ROBBERY-RESIDENCE,Brandon,2
HOMICIDE,Harris Chiles,2
ROBBERY-RESIDENCE,Berkeley Park,2
BURGLARY-NONRES,Green Forest Acres,2
RAPE,Fairburn Road/Wisteria Lane,2
ROBBERY-COMMERCIAL,Cascade Heights,2
BURGLARY-NONRES,Arden/Habersham,2
HOMICIDE,Inman Park,2
ROBBERY-COMMERCIAL,Whittier Mill Village,2
ROBBERY-RESIDENCE,Bolton Hills,2
ROBBERY-RESIDENCE,Mt. Paran/Northside,2
ROBBERY-RESIDENCE,Betmar LaVilla,2
HOMICIDE,Lakewood,2
RAPE,Riverside,2
ROBBERY-PEDESTRIAN,East Chastain Park,2
AGG ASSAULT,Boulder Park,2
ROBBERY-PEDESTRIAN,East Ardley Road,2
HOMICIDE,Loring Heights,2
BURGLARY-NONRES,Fort McPherson,2
RAPE,Ansley Park,2
RAPE,Cross Creek,2
AGG ASSAULT,Ridgedale Park,2
ROBBERY-RESIDENCE,Ben Hill Terrace,2
BURGLARY-NONRES,Hanover West,2
ROBBERY-RESIDENCE,West Paces Ferry/Northside,2
AGG ASSAULT,Harvel Homes Community,2
ROBBERY-PEDESTRIAN,Margaret Mitchell,2
BURGLARY-NONRES,Bolton Hills,2
BURGLARY-NONRES,Boulder Park,2
HOMICIDE,Piedmont Heights,2
ROBBERY-RESIDENCE,Beecher Hills,2
ROBBERY-COMMERCIAL,Pine Hills,2
RAPE,Peyton Forest,2
AGG ASSAULT,State Facility,2
ROBBERY-PEDESTRIAN,Niskey Cove,2
ROBBERY-PEDESTRIAN,Niskey Lake,2
BURGLARY-NONRES,Swallow Circle/Baywood,2
ROBBERY-RESIDENCE,Heritage Valley,2
HOMICIDE,Capitol View Manor,2
ROBBERY-COMMERCIAL,Dixie Hills,2
AGG ASSAULT,Niskey Cove,2
AGG ASSAULT,Brookhaven,2
RAPE,Old Gordon,2
ROBBERY-PEDESTRIAN,Laurens Valley,2
AGG ASSAULT,East Ardley Road,2
ROBBERY-RESIDENCE,Ridgecrest Forest,2
ROBBERY-COMMERCIAL,Peachtree Hills,2
ROBBERY-COMMERCIAL,Rosedale Heights,2
RAPE,Lincoln Homes,2
BURGLARY-NONRES,Audobon Forest West,2
BURGLARY-NONRES,Baker Hills,2
HOMICIDE,East Lake,2
ROBBERY-RESIDENCE,Woodfield,1
RAPE,Ben Hill Acres,1
ROBBERY-RESIDENCE,Druid Hills,1
BURGLARY-NONRES,Old Fairburn Village,1
RAPE,Ben Hill Forest,1
ROBBERY-RESIDENCE,Cascade Green,1
BURGLARY-NONRES,Peachtree Heights East,1
BURGLARY-NONRES,Amal Heights,1
ROBBERY-RESIDENCE,Elmco Estates,1
BURGLARY-NONRES,Brandon,1
BURGLARY-NONRES,Fairway Acres,1
BURGLARY-NONRES,Ben Hill Forest,1
BURGLARY-NONRES,Ben Hill Pines,1
ROBBERY-RESIDENCE,Oakcliff,1
RAPE,Ben Hill Pines,1
AGG ASSAULT,Castlewood,1
ROBBERY-RESIDENCE,Paces,1
ROBBERY-RESIDENCE,Peachtree Heights East,1
LARCENY-NON VEHICLE,State Facility,1
RAPE,Bakers Ferry,1
ROBBERY-RESIDENCE,Peachtree Hills,1
ROBBERY-RESIDENCE,Peachtree Park,1
ROBBERY-RESIDENCE,Sandlewood Estates,1
BURGLARY-NONRES,Castlewood,1
BURGLARY-NONRES,Argonne Forest,1
ROBBERY-RESIDENCE,Rebel Valley Forest,1
ROBBERY-RESIDENCE,Pleasant Hill,1
ROBBERY-RESIDENCE,Pomona Park,1
RAPE,Ardmore,1
RAPE,Argonne Forest,1
RAPE,Arlington Estates,1
ROBBERY-RESIDENCE,Tuxedo Park,1
ROBBERY-RESIDENCE,English Park,1
ROBBERY-RESIDENCE,Fairburn,1
ROBBERY-RESIDENCE,Wildwood (NPU-C),1
ROBBERY-RESIDENCE,Fairway Acres,1
BURGLARY-NONRES,Meadowbrook Forest,1
RAPE,Baker Hills,1
ROBBERY-RESIDENCE,Whittier Mill Village,1
ROBBERY-RESIDENCE,Georgia Tech,1
BURGLARY-NONRES,Atkins Park,1
ROBBERY-RESIDENCE,Westminster/Milmar,1
ROBBERY-RESIDENCE,Hanover West,1
BURGLARY-NONRES,Audobon Forest,1
BURGLARY-NONRES,Heritage Valley,1
AGG ASSAULT,Chattahoochee,1
ROBBERY-RESIDENCE,Ivan Hill,1
ROBBERY-RESIDENCE,Laurens Valley,1
ROBBERY-RESIDENCE,Lenox,1
RAPE,Amal Heights,1
RAPE,East Ardley Road,1
BURGLARY-NONRES,Ridgedale Park,1
HOMICIDE,Wildwood (NPU-H),1
AGG ASSAULT,Wesley Battle,1
RAPE,Niskey Lake,1
ROBBERY-COMMERCIAL,Meadowbrook Forest,1
RAPE,Niskey Cove,1
ROBBERY-COMMERCIAL,Mozley Park,1
ROBBERY-COMMERCIAL,Norwood Manor,1
AGG ASSAULT,Westminster/Milmar,1
AGG ASSAULT,Whitewater Creek,1
ROBBERY-COMMERCIAL,Rebel Valley Forest,1
ROBBERY-COMMERCIAL,Scotts Crossing,1
LARCENY-FROM VEHICLE,Fort McPherson,1
ROBBERY-COMMERCIAL,Wisteria Gardens,1
AGG ASSAULT,Fernleaf,1
HOMICIDE,Wilson Mill Meadows,1
HOMICIDE,Westwood Terrace,1
ROBBERY-COMMERCIAL,Leila Valley,1
RAPE,Huntington,1
ROBBERY-PEDESTRIAN,Bakers Ferry,1
HOMICIDE,The Villages at East Lake,1
RAPE,Heritage Valley,1
HOMICIDE,Rosedale Heights,1
HOMICIDE,Riverside,1
ROBBERY-PEDESTRIAN,Bolton Hills,1
HOMICIDE,Peachtree Park,1
HOMICIDE,Peachtree Battle Alliance,1
HOMICIDE,Ormewood Park,1
ROBBERY-PEDESTRIAN,Butner/Tell,1
HOMICIDE,North Buckhead,1
HOMICIDE,Midwest Cascade,1
HOMICIDE,Magnum Manor,1
LARCENY-FROM VEHICLE,Old Fairburn Village,1
ROBBERY-COMMERCIAL,Lakewood,1
RAPE,Ben Hill Terrace,1
ROBBERY-COMMERCIAL,Carver Hills,1
RAPE,Ridgecrest Forest,1
RAPE,Rockdale,1
RAPE,Swallow Circle/Baywood,1
RAPE,The Villages at Castleberry H,1
RAPE,West Paces Ferry/Northside,1
RAPE,Westhaven,1
ROBBERY-COMMERCIAL,Ben Hill,1
AGG ASSAULT,Magnum Manor,1
LARCENY-NON VEHICLE,Chattahoochee,1
ROBBERY-COMMERCIAL,Betmar LaVilla,1
AGG ASSAULT,Mt. Paran Parkway,1
AGG ASSAULT,Niskey Lake,1
ROBBERY-COMMERCIAL,Capitol Gateway,1
ROBBERY-COMMERCIAL,Capitol View Manor,1
AGG ASSAULT,Old Fairburn Village,1
ROBBERY-COMMERCIAL,Lake Claire,1
ROBBERY-COMMERCIAL,Chosewood Park,1
RAPE,Peachtree Heights West,1
RAPE,Peachtree Heights East,1
AGG ASSAULT,Randall Mill,1
AGG ASSAULT,Regency Trace,1
RAPE,Paces,1
LARCENY-FROM VEHICLE,State Facility,1
AGG ASSAULT,Sherwood Forest,1
AGG ASSAULT,Springlake,1
ROBBERY-COMMERCIAL,Ivan Hill,1
ROBBERY-COMMERCIAL,Joyland,1
ROBBERY-COMMERCIAL,Just Us,1
ROBBERY-COMMERCIAL,Kingswood,1
AGG ASSAULT,Tampa Park,1
RAPE,Fort McPherson,1
ROBBERY-PEDESTRIAN,Chalet Woods,1
ROBBERY-PEDESTRIAN,Chattahoochee,1
BURGLARY-NONRES,Woodfield,1
ROBBERY-PEDESTRIAN,Randall Mill,1
RAPE,Carver Hills,1
BURGLARY-RESIDENCE,Old Fairburn Village,1
RAPE,Capitol View Manor,1
ROBBERY-PEDESTRIAN,Tampa Park,1
RAPE,Candler Park,1
ROBBERY-PEDESTRIAN,Tuxedo Park,1
RAPE,Buckhead Heights,1
ROBBERY-PEDESTRIAN,Westover Plantation,1
AUTO THEFT,State Facility,1
RAPE,Brookwood,1
ROBBERY-PEDESTRIAN,Wildwood Forest,1
ROBBERY-PEDESTRIAN,Wyngate,1
RAPE,Brookview Heights,1
ROBBERY-RESIDENCE,Amal Heights,1
AGG ASSAULT,Brandon,1
ROBBERY-RESIDENCE,Ansley Park,1
ROBBERY-RESIDENCE,Arlington Estates,1
RAPE,Betmar LaVilla,1
BURGLARY-NONRES,West Manor,1
ROBBERY-RESIDENCE,Baker Hills,1
ROBBERY-RESIDENCE,Bakers Ferry,1
ROBBERY-RESIDENCE,Bankhead Courts,1
ROBBERY-RESIDENCE,Boulevard Heights,1
ROBBERY-RESIDENCE,Briar Glen,1
ROBBERY-RESIDENCE,Brookview Heights,1
ROBBERY-RESIDENCE,Brookwood,1
BURGLARY-NONRES,Springlake,1
ROBBERY-RESIDENCE,Buckhead Village,1
ROBBERY-RESIDENCE,Butner/Tell,1
AUTO THEFT,Englewood Manor,1
RAPE,Cascade Green,1
RAPE,Chastain Park,1
HOMICIDE,Arlington Estates,1
ROBBERY-PEDESTRIAN,Collier Hills North,1
HOMICIDE,Lindbergh/Morosgo,1
HOMICIDE,Lenox,1
HOMICIDE,Leila Valley,1
HOMICIDE,Laurens Valley,1
HOMICIDE,Knight Park/Howell Station,1
ROBBERY-PEDESTRIAN,Englewood Manor,1
HOMICIDE,Huntington,1
ROBBERY-PEDESTRIAN,Fairburn Tell,1
HOMICIDE,Home Park,1
ROBBERY-PEDESTRIAN,Green Acres Valley,1
HOMICIDE,Garden Hills,1
ROBBERY-PEDESTRIAN,Hanover West,1
HOMICIDE,English Park,1
ROBBERY-PEDESTRIAN,Ivan Hill,1
ROBBERY-PEDESTRIAN,Kingswood,1
HOMICIDE,Druid Hills,1
HOMICIDE,Deerwood,1
HOMICIDE,Capitol Gateway,1
HOMICIDE,Bush Mountain,1
HOMICIDE,Buckhead Forest,1
HOMICIDE,Bolton,1
HOMICIDE,Blair Villa/Poole Creek,1
HOMICIDE,Betmar LaVilla,1
ROBBERY-PEDESTRIAN,Mt. Gilead Woods,1
HOMICIDE,Ben Hill Terrace,1
AGG ASSAULT,Bankhead Courts,1
RAPE,Colonial Homes,1
HOMICIDE,Atlanta Industrial Park,1
ROBBERY-RESIDENCE,Woodland Hills,1
